,app_name,componet_id,attach_method,componet_str,component_info,label_info,right
0,246智选,3,Self,手机号授权登录getPhoneNumbergetPhoneNumber,['电话号码'],['电话号码'],0
1,246智选,4,Slibing,服务协议,[],[],0
2,246智选,5,Self,服务协议,[],[],0
3,4can福罐,5,Self,点击绑定getPhoneNumber,[],[],0
4,51找家具网,4,Self,请输入手机号,['电话号码'],['电话号码'],0
5,51找家具网,6,Self,请输入密码,['鉴别信息（口令）'],['鉴别信息（口令）'],0
6,51找家具网,7,Self,验证码登录验证码登录,['短信'],['短信'],0
7,51找家具网,8,Self,loginBtntextloginBtntext,[],[],0
8,998二手挖机圈,3,Slibing,联系人contactname请输入姓名手机号mobile请输入手机号码自动获取getPhoneNumber注册submitgetUserInfo,"['通讯录', '姓名', '电话号码']","['通讯录', '姓名', '电话号码']",0
9,998二手挖机圈,20,Self,自动获取getPhoneNumber,[],['电话号码'],0
10,998二手挖机圈,21,Self,注册submitgetUserInfogetUserInfo,[],[],0
11,AI健康行动,9,Self,微信一键快捷登录getPhoneNumber,[],['用户个人信息标识'],0
12,AI健康行动,10,Slibing,微信一键快捷登录,[],[],0
13,AI健康行动,17,Self,隐私政策条款,[],[],0
14,AI健康行动,18,Self,用户服务协议,[],[],0
15,AI健康行动,25,Self,确定getUserInfo,[],[],0
16,CMC影院,4,Slibing,phonenum手机号safecode安全验证码loginCodeUrlpasswordshowPassWord密码登录submit,"['电话号码', '短信', '鉴别信息（口令）']","['电话号码', '短信', '鉴别信息（口令）']",0
17,CMC影院,6,Self,phonenum手机号,['电话号码'],['电话号码'],0
18,CMC影院,13,Self,loginCodeUrl,[],[],0
19,CMC影院,16,Self,passwordshowPassWord密码,['鉴别信息（口令）'],['鉴别信息（口令）'],0
20,CMC影院,20,Self,登录submit,[],[],0
21,CMC影院,23,Self,用户协议,[],[],0
22,CMC影院,24,Self,隐私政策,[],[],0
23,CMC影院,25,Self,验证码登录seatLogin,['短信'],['短信'],0
24,colorkey珂拉琪旗舰店,4,Self,请输入手机号,['电话号码'],['电话号码'],0
25,colorkey珂拉琪旗舰店,6,Self,请输入密码,['鉴别信息（口令）'],['鉴别信息（口令）'],0
26,colorkey珂拉琪旗舰店,7,Self,验证码登录验证码登录,['短信'],['短信'],0
27,colorkey珂拉琪旗舰店,8,Self,loginBtntextloginBtntext,[],[],0
28,e家银,15,Self,联系客服,['通信记录和内容'],['通信记录和内容'],0
29,e家银,16,Self,取消,[],[],0
30,Feekr旅行商城,8,Self,itemselecteditemiditemrenderTime,[],[],0
31,Feekr旅行商城,18,Self,itemid详情,[],[],0
32,Feekr旅行商城,78,Self,haseChecked全选,[],[],0
33,Feekr旅行商城,81,Self,重发电子发票重发电子发票,['发票'],['发票'],0
34,GCU课表+,9,Self,username如201810098000,['姓名'],['姓名'],0
35,GCU课表+,11,Self,password请输入教务系统密码,['鉴别信息（口令）'],['鉴别信息（口令）'],0
36,GCU课表+,13,Self,yearsyearsyearsIndex,[],[],0
37,GCU课表+,16,Self,termtermtermIndex,[],['教育经历'],0
38,GCU课表+,19,Self,查询,[],[],0
39,HIPC,8,Slibing,codeValue3,[],[],0
40,HIPC,9,Self,重新获取,[],[],0
41,Hi维修手机上门维修回收平台,3,Self,请输入姓名,['姓名'],['姓名'],0
42,Hi维修手机上门维修回收平台,6,Self,请填写收货人手机号码,"['姓名', '电话号码']","['姓名', '电话号码']",0
43,Hi维修手机上门维修回收平台,7,Slibing,provincecitydistrict请选择省市区,['住址'],['住址'],0
44,Hi维修手机上门维修回收平台,12,Self,true请输入详细地址,['住址'],['住址'],0
45,Hi维修手机上门维修回收平台,16,Self,保存地址,['住址'],['住址'],0
46,Hi维修手机上门维修回收平台,20,Self,取消,[],[],0
47,Hi维修手机上门维修回收平台,21,Self,确定,[],[],0
48,Hi维修手机上门维修回收平台,22,Slibing,item,[],[],0
49,instabolt闪充吧,5,Self,true50itemuuid使用中已取消已完成租借时长itemuseTime租借套餐itemremark租借时间itemstime商家名称itemmerchantName租借地点itemmerchantAddressitemtotalAmount重新获取密码itemstatus1充电宝丢了订单异常请输入以下密码充电item确定,"['用户个人信息标识', '姓名', '住址', '鉴别信息（口令）', '付款/支出']","['用户个人信息标识', '姓名', '住址', '鉴别信息（口令）', '付款/支出']",0
50,instabolt闪充吧,45,Self,重新获取密码itemstatus1,['鉴别信息（口令）'],['鉴别信息（口令）'],0
51,instabolt闪充吧,49,Self,充电宝丢了,[],[],0
52,instabolt闪充吧,50,Self,订单异常,['付款/支出'],['付款/支出'],0
53,instabolt闪充吧,58,Self,确定,[],[],0
54,iTiandi,2,Slibing,content微信快捷绑定getPhoneNumber使用手机验证码绑定,"['电话号码', '短信']","['电话号码', '短信']",0
56,iTiandi,8,Self,微信快捷绑定getPhoneNumber,[],['电话号码'],0
57,iTiandi,9,Self,使用手机验证码绑定,"['电话号码', '短信']","['电话号码', '短信']",0
58,iTiandi,17,Self,绑定其他手机号,['电话号码'],['电话号码'],0
59,iTiandi,18,Slibing,showDatanickName,[],['昵称'],0
61,Jump游戏商城,5,Self,中国formDatacountryCode,"['国籍', '住址']","['国籍', '住址']",0
62,Jump游戏商城,6,Self,请输入手机号,['电话号码'],['电话号码'],0
63,Jump游戏商城,8,Self,custominputclass请输入6位验证码,['短信'],['短信'],0
64,Jump游戏商城,9,Self,captchatext,[],[],0
65,Jump游戏商城,10,Self,loginBtntext,[],[],0
66,Jump游戏商城,11,Self,getPhoneNumber,[],['电话号码'],0
67,Jump游戏商城,16,Self,formDataagreement用户使用协议,[],[],0
68,KING音乐健身,42,Self,授权手机号有惊喜getPhoneNumbertrue,['电话号码'],['电话号码'],0
69,KING音乐健身,45,Slibing,兑换积分,[],[],0
70,KING音乐健身,50,Slibing,兑换优惠券,[],[],0
71,KING音乐健身,55,Slibing,成果记录及上下课扫码,['摄像头'],['摄像头'],0
72,KING音乐健身,61,Slibing,积分,[],[],0
73,KING音乐健身,66,Slibing,优惠券,[],[],0
74,KING音乐健身,71,Slibing,成果记录,[],[],0
75,KING音乐健身,77,Slibing,教练成果记录,[],[],0
76,KING音乐健身,82,Slibing,用户使用指南,[],[],0
77,KING音乐健身,87,Slibing,回到首页切换门店,[],[],0
78,KING音乐健身,92,Slibing,退出当前门店,[],[],0
79,KING音乐健身,97,Slibing,选择角色,[],[],0
80,KING音乐健身,105,Slibing,itemvalue,[],[],0
81,KING音乐健身,112,Self,微信快捷授权getPhoneNumbertrue,[],['电话号码'],0
82,Levis京东官方旗舰店,4,Slibing,请输入支付密码您使用了虚拟资产为了保障安全请输入京东支付密码,"['鉴别信息（口令）', '付款/支出', '收款/收入']","['鉴别信息（口令）', '付款/支出', '收款/收入']",0
83,Levis京东官方旗舰店,22,Self,请输入密码placeholder,"['鉴别信息（口令）', '住址']",['鉴别信息（口令）'],0
84,Levis京东官方旗舰店,23,Slibing,mondalHint忘记密码取消确定submit,['鉴别信息（口令）'],['鉴别信息（口令）'],0
85,Levis京东官方旗舰店,26,Self,忘记密码,['鉴别信息（口令）'],['鉴别信息（口令）'],0
86,Levis京东官方旗舰店,28,Self,取消,[],[],0
87,Levis京东官方旗舰店,29,Slibing,确定submit,[],[],0
88,Levis京东官方旗舰店,30,Self,确定submit,[],[],0
89,LOHO眼镜生活旗舰店,5,Self,consignee请输入收件人姓名,['姓名'],['姓名'],0
90,LOHO眼镜生活旗舰店,9,Self,mobile请输入收件人电话,"['电话号码', '姓名']",['电话号码'],0
91,LOHO眼镜生活旗舰店,13,Slibing,provinceTipcityTipdistrictTip,"['住址', 'IP地址']",['住址'],0
92,LOHO眼镜生活旗舰店,17,Self,address请输入详细地址,['住址'],['住址'],0
93,LOHO眼镜生活旗舰店,20,Self,df,[],[],0
94,LOHO眼镜生活旗舰店,22,Self,设为默认地址df,['住址'],['住址'],0
95,LOHO眼镜生活旗舰店,24,Self,提交00,[],[],0
96,LUCAKE鹿可线上商城,4,Self,请输入手机号,['电话号码'],['电话号码'],0
97,LUCAKE鹿可线上商城,6,Self,请输入6位验证码,['短信'],['短信'],0
98,LUCAKE鹿可线上商城,7,Self,captchatext,[],[],0
99,LUCAKE鹿可线上商城,8,Self,帐号密码登录帐号密码登录,"['用户个人信息标识', '鉴别信息（口令）']","['用户个人信息标识', '鉴别信息（口令）']",0
100,LUCAKE鹿可线上商城,9,Self,loginBtntextloginBtntext,[],[],0
101,PPP有例,2,Slibing,cover,[],[],0
102,PPP有例,6,Self,填写手机号,['电话号码'],['电话号码'],0
103,PPP有例,9,Self,输入验证码,['短信'],['短信'],0
104,PPP有例,11,Self,获取验证码,['短信'],['短信'],0
105,PPP有例,12,Self,seconds后重新获取,[],[],0
106,PPP有例,13,Self,promptNew2000toastHiddentoastHidden,[],[],0
107,PPP有例,14,Self,绑定绑定,[],[],0
108,PPP有例,18,Self,用户协议,[],[],0
109,P站日榜,3,Self,search请输入画师名称,['姓名'],['姓名'],0
110,P站日榜,9,Self,24f48de0124f48de01,[],[],0
111,RockGuys,5,Slibing,账号信息账户类型accountTypesaccountTypeaccountTypeaccountTypes开户名称accountName银行账户accountNo开户银行bank开户网点outlet税号tax税号或社会统一代码填写个人信息持卡人姓名name身份证号idcard手机号码mobile保存submit,"['用户个人信息标识', '姓名', '银行账户', '发票', '身份证', '电话号码']","['用户个人信息标识', '姓名', '银行账户', '发票', '身份证', '电话号码']",0
112,RockGuys,10,Self,accountTypesaccountTypeaccountTypeaccountTypes,[],[],0
113,RockGuys,39,Self,保存submit,[],[],0
114,U客云,7,Self,navListsindexvalue,[],[],0
115,U客云,12,Self,navListsindexvalueindexitemname请输入itemtitle,['姓名'],[],0
116,U客云,16,Self,navListsindexvaluegetPhoneNumber,[],[],0
117,U客云,19,Self,完善名片信息提升获客量,"['职业', '职位']","['职业', '职位']",0
118,U客云,23,Self,cropperOptioncropperOption,[],[],0
119,victoriahyde旗舰店,4,Self,请输入手机号,['电话号码'],['电话号码'],0
120,victoriahyde旗舰店,6,Self,请输入密码,['鉴别信息（口令）'],['鉴别信息（口令）'],0
121,victoriahyde旗舰店,7,Self,验证码登录验证码登录,['短信'],['短信'],0
122,victoriahyde旗舰店,8,Self,loginBtntextloginBtntext,[],[],0
123,We出行,8,Self,输入您的手机号码必填pache,['电话号码'],['电话号码'],0
124,We出行,10,Self,输入真实姓名选填pache,['姓名'],['姓名'],0
125,We出行,12,Self,输入您的微信号选填pache,"['用户个人信息标识', '网络连接']",['用户个人信息标识'],0
126,We出行,13,Self,提交提交,[],[],0
127,丁香人才丨招聘求职找工作,6,Self,取消4440,[],[],0
128,丁香人才丨招聘求职找工作,7,Self,确定4441getPhoneNumber,[],['电话号码'],0
129,东小店,1,Self,checkboxCheckedconfig,[],[],0
130,东小店,2,Self,微信手机号快捷登录getPhoneNumber,['电话号码'],['电话号码'],0
131,东小店,3,Self,微信手机号快捷登录,['电话号码'],['电话号码'],0
132,东小店,4,Self,config,[],[],0
133,丰卖商城,4,Self,locationoaddressfullAddressaddressuserNameaddresstelNumber,"['精确定位信息', '经纬度', '住址', '姓名', '电话号码']","['精确定位信息', '住址', '姓名', '电话号码']",0
134,丰卖商城,6,Self,locationo请选择收货地址,"['精确定位信息', '经纬度', '住址']","['精确定位信息', '经纬度', '住址']",0
135,丰卖商城,12,Self,选填请先和商家协商一致,[],[],0
136,丰卖商城,13,Self,提交订单sumbitLoadingtotalFee,['付款/支出'],['付款/支出'],0
137,丰卖商城,14,Self,realNameShow实名认证因您购买的跨境商品清关需要请填写您将用于支付的付款账户的实名信息付款账户的真实姓名付款账户的身份证号码提交,"['身份证', '用户个人信息标识', '付款/支出', '姓名']","['身份证', '用户个人信息标识', '付款/支出', '姓名']",0
138,丰卖商城,18,Self,付款账户的真实姓名,"['姓名', '用户个人信息标识', '付款/支出']","['姓名', '用户个人信息标识', '付款/支出']",0
139,丰卖商城,20,Self,付款账户的身份证号码,"['身份证', '用户个人信息标识', '付款/支出']","['身份证', '用户个人信息标识', '付款/支出']",0
140,丰卖商城,22,Self,提交,[],[],0
141,二手车评估汪,53,Self,true开过hasDriveCount人,[],[],0
142,二手车评估汪,56,Self,false想开wantDriveCount人,[],[],0
143,二手车评估汪,61,Self,保值率排行榜,[],[],0
144,二手车评估汪,62,Self,重新估值,[],[],0
145,二手车评估汪,63,Self,commentwrappertruehasDriveFlagtrue一句话点评carModelShort记录一下想开carModelShort的理由fcweak你会向朋友推荐此车吗推荐1不推荐1发表评论,[],[],0
146,二手车评估汪,65,Self,truehasDriveFlagtrue一句话点评carModelShort记录一下想开carModelShort的理由fcweak,[],[],0
147,二手车评估汪,69,Self,推荐1,[],[],0
148,二手车评估汪,70,Self,不推荐1,[],[],0
149,二手车评估汪,71,Self,发表评论,[],[],0
150,二手车评估汪,87,Self,请输入手机号码,['电话号码'],['电话号码'],0
151,二手车评估汪,88,Self,快速卖车,[],[],0
152,二更视频,10,Self,name请填写您的真实姓名,['姓名'],['姓名'],0
153,二更视频,15,Self,mobile请填写您的手机号,['电话号码'],['电话号码'],0
154,二更视频,20,Self,code请填写验证码,['短信'],['短信'],0
155,二更视频,21,Self,countDownText,[],[],0
156,二更视频,26,Self,1,[],[],0
157,二更视频,29,Self,2,[],[],0
158,二更视频,36,Self,2019010119490101birthday请选择你的生日birthday,['生日'],['生日'],0
159,二更视频,42,Self,wx请填写您的微信号,"['用户个人信息标识', '网络连接']",['用户个人信息标识'],0
160,二更视频,43,Self,提交报名提交报名,[],[],0
161,伴伴陪玩,3,Slibing,手机号绑定根据国家法规使用此功能前需要先绑定手机号码去绑定thisgetPhoneNumber,"['电话号码', '国籍']","['电话号码', '国籍']",0
162,伴伴陪玩,9,Self,去绑定thisgetPhoneNumber,[],['电话号码'],0
163,伴伴陪玩,10,Self,去绑定this,[],[],0
164,佰卡管家,1,Slibing,卡号cardNumber输入卡号所属银行banksbankNamebankIndex1请选择银行banksbankIndexbankNametruebankType有效期expiryDateexpiryDateMonthexpiryDateMonthexpiryDateMonthIndex月份expiryDateYearexpiryDateYearexpiryDateYearIndex年份帮助CVNcvn输入CVN码通道绑定channelsnamechannelDefaultIndex1请选择通道channelschannelDefaultIndexnamechannelId手机号码phone输入银行预留手机号码channelschannelDefaultIndexisNeedSmsCode1falsetrue验证码smsCode输入验证码codeStrsubmitisNeedSmsCode我已同意用户协议确定,"['姓名', '电话号码', '短信']","['姓名', '电话号码', '短信']",0
165,佰卡管家,2,Slibing,卡号cardNumber输入卡号所属银行banksbankNamebankIndex1请选择银行banksbankIndexbankNametruebankType有效期expiryDateexpiryDateMonthexpiryDateMonthexpiryDateMonthIndex月份expiryDateYearexpiryDateYearexpiryDateYearIndex年份帮助CVNcvn输入CVN码通道绑定channelsnamechannelDefaultIndex1请选择通道channelschannelDefaultIndexnamechannelId手机号码phone输入银行预留手机号码channelschannelDefaultIndexisNeedSmsCode1falsetrue验证码smsCode输入验证码codeStrsubmit,"['姓名', '电话号码', '短信']","['姓名', '电话号码', '短信']",0
166,佰卡管家,6,Self,cardNumber输入卡号,[],['银行账户'],0
167,佰卡管家,11,Self,banksbankNamebankIndex1请选择银行banksbankIndexbankName,[],['银行账户'],0
168,佰卡管家,20,Self,expiryDateMonthexpiryDateMonthexpiryDateMonthIndex月份,[],[],0
169,佰卡管家,24,Self,expiryDateYearexpiryDateYearexpiryDateYearIndex年份,[],[],0
170,佰卡管家,29,Self,帮助,[],[],0
171,佰卡管家,34,Self,帮助,[],[],0
172,佰卡管家,38,Self,channelsnamechannelDefaultIndex1请选择通道channelschannelDefaultIndexname,['姓名'],['姓名'],0
173,佰卡管家,51,Self,codeStrsubmit,[],[],0
174,佰卡管家,58,Self,我已同意用户协议,[],[],0
175,佰卡管家,60,Self,确定submitsubmit,[],[],0
176,佰卡管家,62,Self,取消确定hiddenExpiryDate有效期说明有效期是打印在信用卡正面卡号下方标注格式为月份在前年份在后的数字,['银行账户'],['银行账户'],0
177,佰卡管家,66,Self,取消确定hiddenCVNCVN说明cvn是打印在信用卡背面签名栏上的最后三位数字,['银行账户'],['银行账户'],0
178,佰卡管家,76,Self,取消,[],[],0
179,佰卡管家,78,Self,联系客服contact,"['通信记录和内容', '姓名', '通讯录']","['通信记录和内容', '姓名', '通讯录']",0
180,佰卡管家,86,Self,联系客服contact,"['通信记录和内容', '姓名', '通讯录']","['通信记录和内容', '姓名', '通讯录']",0
181,佰卡管家,88,Self,下一步,[],[],0
182,佰卡管家,94,Self,退出,[],[],0
183,佰卡管家,95,Self,开启,[],[],0
184,佰卡管家,96,Self,升级会员降低费率,['用户个人信息标识'],['用户个人信息标识'],0
185,八戒财税公司注册代理记账办资质,8,Self,请输入您的手机号,['电话号码'],['电话号码'],0
186,八戒财税公司注册代理记账办资质,10,Self,请描述您的具体需求,[],[],0
187,八戒财税公司注册代理记账办资质,15,Self,立即咨询,[],[],0
188,八戒财税公司注册代理记账办资质,16,Slibing,咨询热线4000233766,[],[],0
189,八角星服务网,2,Self,uFormformb67cda881default账号90pxusernameb67cda882b67cda881b67cda883b67cda882电话infoTelb67cda884b67cda881请填写电话b67cda885b67cda884姓名infoNameb67cda886b67cda881请填写姓名b67cda887b67cda886身份证infoCardb67cda888b67cda881请填写身份证b67cda889b67cda888修改b67cda8810b67cda881default,"['用户个人信息标识', '姓名', '电话号码', '身份证']","['用户个人信息标识', '姓名', '电话号码', '身份证']",0
190,八角星服务网,3,Self,账号90pxusernameb67cda882b67cda881defaultb67cda883b67cda882,"['用户个人信息标识', '姓名']","['用户个人信息标识', '姓名']",0
191,八角星服务网,4,Self,b67cda883b67cda882,[],[],0
192,八角星服务网,5,Self,电话90pxinfoTelb67cda884b67cda881default请填写电话b67cda885b67cda884,['电话号码'],['电话号码'],0
193,八角星服务网,6,Self,请填写电话b67cda885b67cda884,['电话号码'],['电话号码'],0
194,八角星服务网,7,Self,姓名90pxinfoNameb67cda886b67cda881default请填写姓名b67cda887b67cda886,['姓名'],['姓名'],0
195,八角星服务网,8,Self,请填写姓名b67cda887b67cda886,['姓名'],['姓名'],0
196,八角星服务网,9,Self,身份证90pxinfoCardb67cda888b67cda881default请填写身份证b67cda889b67cda888,['身份证'],['身份证'],0
197,八角星服务网,10,Self,请填写身份证b67cda889b67cda888,['身份证'],['身份证'],0
198,八角星服务网,12,Self,修改b67cda8810b67cda881default,[],[],0
199,八角星服务网,15,Self,b67cda8811,[],[],0
200,八角星服务网,19,Self,解绑getUserInfob67cda8812default,[],[],0
201,八角星服务网,21,Self,绑定getUserInfob67cda8813default,[],[],0
202,典妆,3,Self,AreaList所在城市IsAreaListShowIsAreaListShow,['住址'],['住址'],0
203,典妆,8,Self,艺名请输入艺名,[],[],0
204,典妆,11,Slibing,男1女2,[],[],0
205,典妆,16,Self,EndDateStartDatearrow,[],[],0
206,典妆,18,Self,微信号请输入微信号,['用户个人信息标识'],['用户个人信息标识'],0
207,典妆,21,Self,CategoryColumnsnamearrow,['姓名'],[],0
208,典妆,25,Self,请输入毕业学校,['教育经历'],['教育经历'],0
209,典妆,26,Self,SchoolColumnsnamearrow,['姓名'],['教育经历'],0
210,典妆,30,Self,WorkAgeColumnsnamearrow,['姓名'],['工作经历'],0
211,典妆,34,Slibing,arrow,[],[],0
212,典妆,38,Slibing,arrow,[],[],0
213,典妆,40,Self,详细地址请输入详细地址,['住址'],['住址'],0
214,典妆,45,Self,index,[],[],0
215,典妆,46,Self,index,[],[],0
216,典妆,47,Self,ShowDataaddImgText,[],[],0
217,典妆,48,Self,下一步,[],[],0
218,冰雨恋爱助手,8,Self,手机号208293df1,['电话号码'],['电话号码'],0
219,冰雨恋爱助手,9,Self,runCodetrue验证码208293df2,['短信'],['短信'],0
220,冰雨恋爱助手,10,Self,isRotate登录208293df3,[],[],0
221,冰雨恋爱助手,12,Self,同意,[],[],0
222,动图宇宙,5,Self,点击输入手机号bindphoneholderbindphoneholder,['电话号码'],['电话号码'],0
223,动图宇宙,8,Self,点击输入验证码bindphoneholderbindphoneholder,['短信'],['短信'],0
224,动图宇宙,11,Self,codeText,[],[],0
225,动图宇宙,12,Self,确认确认,[],[],0
226,动脉网知识库,8,Self,请输入手机号,['电话号码'],['电话号码'],0
227,动脉网知识库,10,Self,time,[],[],0
228,动脉网知识库,16,Self,请输入图片验证码,"['短信', '照片']",['照片'],0
229,动脉网知识库,23,Self,请输入验证码,['短信'],['短信'],0
230,动脉网知识库,25,Self,绑定手机,['电话号码'],['电话号码'],0
231,单单记账,10,Self,name目标要明确哦,['姓名'],['姓名'],0
232,单单记账,14,Self,minEndDateendDatewxsformatDateendDate选择目标截止时间,[],[],0
233,单单记账,20,Self,startmoney你现有的钱数,[],[],0
234,单单记账,24,Self,money目标要存多少钱,[],[],0
235,单单记账,26,Self,冲鸭,[],[],0
236,叮咚报价,6,Self,done请输入收货人姓名303text,['姓名'],['姓名'],0
237,叮咚报价,10,Self,done请输入收货人手机号码114number,"['姓名', '电话号码']","['姓名', '电话号码']",0
238,叮咚报价,11,Slibing,initModelmallAddressreceiverNameinitModelmallAddressmobileinitModelmallAddressaddressDetail,"['电话号码', '住址']","['电话号码', '住址']",0
239,叮咚报价,19,Slibing,新增收货地址,['住址'],['住址'],0
240,叮咚报价,26,Self,done因海关需要请填写收货人真实姓名321text,['姓名'],['姓名'],0
241,叮咚报价,31,Self,done因海关需要请填写收货人身份证号322idcard,"['姓名', '身份证']","['姓名', '身份证']",0
242,叮咚报价,49,Self,done选填128indextext,[],[],0
243,叮咚报价,59,Self,提交订单提交订单,['付款/支出'],['付款/支出'],0
244,叮咚报价,60,Self,initModelpayer64请输入付款名称showPay添加付款名称,"['付款/支出', '姓名']",['付款/支出'],0
245,叮咚报价,61,Self,payChannelstotalAmountpayAlert,['付款/支出'],['付款/支出'],0
246,叮嗒出行DIIING,8,Self,输入手机号,['电话号码'],['电话号码'],0
247,叮嗒出行DIIING,11,Self,输入验证码,['短信'],['短信'],0
248,叮嗒出行DIIING,13,Self,messageloadingplain,['短信'],['短信'],0
249,叮嗒出行DIIING,15,Self,登录login,[],[],0
250,叮嗒出行DIIING,16,Slibing,租车服务条款,[],[],0
251,叮嗒出行DIIING,27,Self,点击查看全部协议,[],[],0
252,叮嗒出行DIIING,29,Self,不接受refuseProtocal,[],[],0
253,叮嗒出行DIIING,30,Self,接受agreeProtocal,[],[],0
254,叼到家好货不贵,4,Self,请输入手机号,['电话号码'],['电话号码'],0
255,叼到家好货不贵,6,Self,请输入6位验证码,['短信'],['短信'],0
256,叼到家好货不贵,7,Self,captchatext,[],[],0
257,叼到家好货不贵,8,Self,帐号密码登录帐号密码登录,"['用户个人信息标识', '鉴别信息（口令）']","['用户个人信息标识', '鉴别信息（口令）']",0
258,叼到家好货不贵,9,Self,loginBtntextloginBtntext,[],[],0
259,嘀嘀P图,1,Self,false,[],[],0
260,嘀嘀P图,3,Slibing,忘记密码,['鉴别信息（口令）'],['鉴别信息（口令）'],0
261,嘀嘀P图,9,Slibing,使用会员卡余额支付需要验证身份验证通过后才可进行支付忘记密码,"['用户个人信息标识', '付款/支出', '鉴别信息（口令）']","['用户个人信息标识', '付款/支出', '鉴别信息（口令）']",0
262,嘀嘀P图,14,Slibing,忘记密码,['鉴别信息（口令）'],['鉴别信息（口令）'],0
263,城外农家乐,7,Self,search输入城市名进行搜索phcolor,"['住址', '浏览记录']","['住址', '浏览记录']",0
264,城外农家乐,8,Self,roundclosefill,[],[],0
265,城外农家乐,9,Slibing,search输入城市名进行搜索,"['住址', '浏览记录']","['住址', '浏览记录']",0
266,城外农家乐,13,Self,itemiditemaliastuilistcellhover150itemalias,['电话号码'],[],0
267,城外农家乐,18,Self,localCityIdlocalCitylocationlocalCity,"['精确定位信息', '经纬度']","['精确定位信息', '经纬度']",0
268,城外农家乐,24,Self,itemaliasitemiditemaliastapcity150,['住址'],['住址'],0
269,城外农家乐,28,Self,itemiditemaliastuilistcellhover150itemalias,['电话号码'],[],0
270,城外农家乐,30,Slibing,索引itemtitle,[],[],0
271,多多超人,2,Slibing,tapNum10,[],[],0
272,多多超人,5,Self,incomeDialog从开始推广到现在你在平台推广得到的收入有可能会减少因为存在退货订单,"['收款/收入', '日志', '付款/支出']","['收款/收入', '付款/支出']",0
273,多多超人,12,Self,phoneDialog1绑定手机号码后可以第一时间接收多多超人的官方通知奖励活动优惠信息等2不绑定手机号码仍然可以正常使用多多超人如果不需要通知请忽略绑定,"['日志', '电话号码']",['电话号码'],0
274,多多超人,20,Self,weappDialog手机号码绑定成功手机号码已绑定为方便您的老师或粉丝联系您请设置您的微信号在此填入您的微信号暂不设置确定绑定手机号码后可以第一时间接收多多超人的官方通知奖励活动优惠信息等,"['日志', '电话号码', '用户个人信息标识', '网络连接']","['电话号码', '用户个人信息标识']",0
275,多多超人,29,Self,在此填入您的微信号,"['用户个人信息标识', '网络连接']",['用户个人信息标识'],0
276,多多超人,32,Self,暂不设置,[],[],0
277,多多超人,34,Self,确定,[],[],0
278,多多超人,44,Slibing,finish,[],[],0
279,多多超人,55,Self,复制userInfouid,"['姓名', '用户个人信息标识']",['用户个人信息标识'],0
280,多多超人,56,Self,点击授权登录,[],[],0
281,多多超人,57,Self,getPhoneNumber,[],[],0
282,多多超人,60,Slibing,已绑定,[],[],0
283,多多超人,63,Slibing,true立即加入,[],[],0
284,多多超人,66,Slibing,true立即升级,[],[],0
285,多多超人,77,Self,提现,[],[],0
286,多多超人,79,Self,1profittoday今日收益,[],[],0
287,多多超人,82,Self,2profityesterday昨日收益,[],[],0
288,多多超人,85,Self,3profitthismonth本月收益,[],[],0
289,多多超人,88,Self,4profitlastmonth上月收益,[],[],0
290,多多超人,92,Slibing,我的收益,[],[],0
291,多多超人,95,Slibing,我的订单,['付款/支出'],['付款/支出'],0
292,多多超人,98,Slibing,我的粉丝,[],[],0
293,多多超人,101,Slibing,邀请粉丝,[],[],0
294,多多超人,109,Self,indexitem,[],[],0
295,多多超人,110,Self,indexbanner0,[],[],0
296,多多超人,112,Slibing,收藏夹,['收藏列表'],['收藏列表'],0
297,多多超人,115,Slibing,出单奖励,[],[],0
298,多多超人,118,Slibing,常见问题,[],[],0
299,多多超人,121,Slibing,官方公告,[],[],0
300,多多超人,124,Self,contact在线客服,"['姓名', '通讯录', '通信记录和内容']","['通讯录', '通信记录和内容']",0
301,多多超人,127,Slibing,积分排行,[],[],0
302,多多超人,130,Slibing,活动兑换,[],[],0
303,多多超人,133,Slibing,关于我们,[],[],0
304,多多超人,137,Slibing,收藏夹,['收藏列表'],['收藏列表'],0
305,多多超人,140,Self,contact在线客服,"['姓名', '通讯录', '通信记录和内容']","['通讯录', '通信记录和内容']",0
306,多多超人,143,Slibing,在线客服,['通信记录和内容'],['通信记录和内容'],0
307,多多超人,146,Slibing,积分排行,[],[],0
308,多多超人,149,Slibing,关于我们,[],[],0
309,多多超人,153,Slibing,运营数据,[],[],0
310,多多超人,156,Slibing,商品补贴,[],[],0
311,大学答案君,2,Slibing,请填写您需要的答案信息name请填写书名askformplaceholderauthor请填写作者isbn请填写ISBN封面上传提交submit,"['姓名', '住址']",['姓名'],0
312,大学答案君,5,Self,name请填写书名askformplaceholder,"['姓名', '住址']",[],0
313,大学答案君,6,Self,author请填写作者askformplaceholder,['住址'],['姓名'],0
314,大学答案君,7,Self,isbn请填写ISBNaskformplaceholder,['住址'],[],0
315,大学答案君,11,Self,上传,[],[],0
316,大学答案君,12,Self,提交submit,[],[],0
317,安居客买房新房二手房租房房价,2,Slibing,canConfirm,[],[],0
318,安居客买房新房二手房租房房价,3,Slibing,titletruefczzz请输入11位手机号textcanClickthishintOne请输入6位验证码hintTwo取消确定canConfirm,"['电话号码', '短信']","['电话号码', '短信']",0
319,安居客买房新房二手房租房房价,7,Self,truefczzz请输入11位手机号,['电话号码'],['电话号码'],0
320,安居客买房新房二手房租房房价,9,Self,textcanClickthis,[],[],0
321,安居客买房新房二手房租房房价,12,Self,true请输入6位验证码,['短信'],['短信'],0
322,安居客买房新房二手房租房房价,16,Self,取消,[],[],0
323,安居客买房新房二手房租房房价,17,Self,确定canConfirmthis,[],[],0
324,宝宝树孕育,8,Self,phone请输入手机号inputplaceholder,"['电话号码', '住址']",['电话号码'],0
325,宝宝树孕育,10,Self,smsCode请输入验证码inputplaceholder,"['短信', '住址']",['短信'],0
326,宝宝树孕育,11,Self,btnText,[],[],0
327,宝宝树孕育,13,Self,challengegtcaptchaoffline,[],[],0
328,宝宝树孕育,15,Self,绑定showConflictModal请选择希望绑定的账号数据手机号phone将与选中的账号进行绑定itemitemnicknameitemtimestamp创建,"['用户个人信息标识', '电话号码', '姓名', '昵称']","['用户个人信息标识', '电话号码', '姓名', '昵称']",0
329,宝宝树孕育,20,Self,itemitemnicknameitemtimestamp创建,"['姓名', '昵称']","['姓名', '昵称']",0
330,宝宝树孕育,26,Self,登录,[],[],0
331,宠宠窝,2,Slibing,utils,[],[],0
332,宠宠窝,6,Slibing,topbartitle,[],[],0
334,宠宠窝,14,Self,trueautoplaytruedurationindicatorActiveColorindicatorColorswiperListlength1falseindicatorDotsintervalitempicAdd0公众号1会员2喵百科3汪百科submitnone最新热门全部已关注currentTab1itemindexitemtinNumitempetnameitempetsexitempetaddritempetage岁itemisAttention已关注关注itempersonnamehasMoreData稍等大量萌卡正在来袭不要再扯了到底啦搜不到你要找的宠宠哦换个关键词试试currentTab0petDiaryindexpetDiaryitempetDiaryitempetDiaryitempetNamepetDiaryindexpetDiaryitemisFocus已关注关注petDiaryitempublishTimepetDiaryitemtopicNamepetDiaryitemtopicNameutilsconvertListpetDiaryitemcontentpetDiarydiaryPhotoitempetDiaryitemphotoListpetDiarydiaryPhotoindexpetDiarydiaryPhotoitempetDiaryitemvideoInfovideopetDiaryitemvideoInfowidthpetDiaryitemvideoInfoheightpetDiarydiaryPhotoisAutoPlaypetDiarydiaryPhotoisShowControlspetDiarydiaryPhotofalsepetDiarydiaryPhotoisMutedshowfullscreenbtnshowmutebtnpetDiarydiaryPhototrueff5C60666666progresspetDiaryindexpetDiaryitemvideoInfopercentpetDiaryitemcommentInfocanCountpetDiaryitemcommentInfocountsharepetDiaryipetDiarycellpetDiarycellnickNamepetDiaryjpetDiarydatapetDiarytoasttitlepetDiarytoastcontentpetDiarytoastbtnLeftTextpetDiarytoastbtnRightTextwechatpetDiarytoastbackApplaunchApppetDiarytoastisAuthorizegetUserInfopetDiarytoastuserPhonegetPhoneNumber宠宠萌卡petDiarytoasttinToasttype2宠宠日记petDiarytoasttinToastcontentpetDiarytoasttinToastexpressionpetDiarytoasttinToastexpressionpetDiarytoasttinToasttinNumbpetDiarytinToasttype2petDiarytinToastcontentpetDiarytinToastexpressionpetDiarytinToastexpressionpetDiarytinToasttinNumb不要再扯了到底啦搜不到你要找的日记哦,"['IP地址', '照片', '用户个人信息标识', '姓名', '性别', '住址', '视频', '身高', '电话号码']","['照片', '用户个人信息标识', '姓名', '性别', '住址', '视频', '电话号码']",0
335,宠宠窝,19,Self,itempicAdd,['照片'],['照片'],0
336,宠宠窝,21,Self,0公众号,[],[],0
337,宠宠窝,24,Self,1会员,['用户个人信息标识'],['用户个人信息标识'],0
338,宠宠窝,27,Self,2喵百科,[],[],0
339,宠宠窝,30,Self,3汪百科,[],[],0
340,宠宠窝,34,Self,submitnone,[],[],0
341,宠宠窝,39,Self,true0submitnone最新热门1全部已关注,[],[],0
342,宠宠窝,41,Self,0submitnone最新热门,[],[],0
343,宠宠窝,42,Self,submitnone,[],[],0
344,宠宠窝,45,Self,最新最新,[],[],0
345,宠宠窝,46,Self,热门热门,[],[],0
346,宠宠窝,47,Self,1submitnone全部已关注,[],[],0
347,宠宠窝,48,Self,submitnone,[],[],0
348,宠宠窝,51,Self,全部全部,[],[],0
349,宠宠窝,52,Self,已关注已关注,[],[],0
350,宠宠窝,53,Self,submitnone,[],[],0
351,宠宠窝,57,Self,trueitemindexsubmitnoneitemtinNumitempetnameitempetsexitempetaddritempetage岁itemisAttention已关注关注itempersonnamehasMoreData稍等大量萌卡正在来袭不要再扯了到底啦,"['姓名', '性别', '住址']","['姓名', '性别', '住址']",0
352,宠宠窝,59,Self,itemindexsubmitnoneitemtinNumitempetnameitempetsexitempetaddritempetage岁itemisAttention已关注关注itempersonname,"['姓名', '性别', '住址']","['姓名', '性别', '住址']",0
353,宠宠窝,61,Self,indexsubmitnoneitemtinNum,[],[],0
354,宠宠窝,72,Self,indexsubmitnoneitemisAttention已关注关注,[],[],0
355,宠宠窝,89,Self,truepetDiaryindexpetDiaryitempetDiaryitempetDiaryitempetNamepetDiaryindexsubmitnonepetDiaryitemisFocus已关注关注petDiaryitempublishTimepetDiaryitemtopicNamepetDiaryitemtopicNameutilsconvertListpetDiaryitemcontentpetDiarydiaryPhotoitempetDiaryitemphotoListpetDiarydiaryPhotoindexpetDiarydiaryPhotoitempetDiaryitemvideoInfovideopetDiaryitemvideoInfowidthpetDiaryitemvideoInfoheightpetDiarydiaryPhotoisAutoPlaypetDiarydiaryPhotoisShowControlspetDiarydiaryPhotofalsepetDiarydiaryPhotoisMutedshowfullscreenbtnshowmutebtnpetDiarydiaryPhototrueff5C60666666progresspetDiaryindexpetDiaryitemvideoInfopercent2petDiaryitemcommentInfocanCountpetDiaryitemcommentInfocountsharepetDiaryipetDiarycellpetDiarycellnickNamepetDiaryjpetDiarydata,"['照片', '视频', '身高', '电话号码']","['照片', '视频', '电话号码']",0
356,宠宠窝,90,Self,petDiaryitempetDiaryitempetDiaryitempetNamepetDiaryindexsubmitnonepetDiaryitemisFocus已关注关注petDiaryitempublishTimepetDiaryitemtopicNamepetDiaryitemtopicNameutilsconvertListpetDiaryitemcontentpetDiarydiaryPhotoitempetDiaryitemphotoListpetDiarydiaryPhotoindexpetDiarydiaryPhotoitempetDiaryitemvideoInfovideopetDiaryitemvideoInfowidthpetDiaryitemvideoInfoheightpetDiarydiaryPhotoisAutoPlaypetDiarydiaryPhotoisShowControlspetDiarydiaryPhotofalsepetDiarydiaryPhotoisMutedshowfullscreenbtnshowmutebtnpetDiarydiaryPhototrueff5C60666666progresspetDiaryindexpetDiaryitemvideoInfopercent2petDiaryitemcommentInfocanCountpetDiaryitemcommentInfocountsharepetDiaryipetDiarycellpetDiarycellnickNamepetDiaryjpetDiarydata,"['照片', '视频', '身高', '电话号码']","['照片', '视频', '电话号码']",0
357,宠宠窝,93,Self,petDiaryitem,[],[],0
358,宠宠窝,94,Self,petDiaryitempetNamepetDiaryitem,[],[],0
359,宠宠窝,95,Self,petDiaryindexsubmitnonepetDiaryitemisFocus已关注关注,[],[],0
360,宠宠窝,100,Self,petDiaryitemtopicNamepetDiaryitemtopicNamepetDiaryitem,['照片'],['照片'],0
361,宠宠窝,105,Self,petDiaryindexpetDiarydiaryPhotoitempetDiaryitemphotoListpetDiarydiaryPhotoindexpetDiarydiaryPhotoitem,['照片'],['照片'],0
362,宠宠窝,107,Self,petDiaryindexpetDiaryitemvideoInfovideopetDiaryitemvideoInfowidthpetDiaryitemvideoInfoheight,"['视频', '身高']","['视频', '身高']",0
363,宠宠窝,109,Self,petDiarydiaryPhotoisAutoPlaypetDiarydiaryPhotoisShowControlspetDiarydiaryPhotofalsepetDiaryindexpetDiarydiaryPhotoisMutedshowfullscreenbtnshowmutebtnpetDiarydiaryPhototrueff5C60666666progresspetDiaryindexpetDiaryitemvideoInfopercent2,['视频'],['视频'],0
364,宠宠窝,113,Self,petDiaryindexsubmitnone,[],[],0
365,宠宠窝,118,Self,petDiaryindexshare,[],[],0
366,宠宠窝,133,Self,petDiarytoastbtnLeftText,[],[],0
367,宠宠窝,134,Slibing,petDiarytoastbtnRightTextwechatpetDiarytoastbackApplaunchApppetDiarytoastisAuthorizegetUserInfopetDiarytoastuserPhonegetPhoneNumber,['姓名'],"['姓名', '电话号码']",0
368,宠宠窝,135,Self,petDiarytoastbtnRightText,[],[],0
369,宠宠窝,136,Self,petDiarytoastbtnRightTextwechatpetDiarytoastbackApplaunchApppetDiarytoastisAuthorizegetUserInfopetDiarytoastuserPhonegetPhoneNumber,['姓名'],"['姓名', '电话号码']",0
370,宠宠窝,138,Self,petDiarytoastbtnRightText,[],[],0
371,宠宠窝,182,Slibing,关注foucus,[],[],0
372,宠宠窝,186,Slibing,点赞cannelNum,[],[],0
373,宠宠窝,194,Self,发布宠宠萌卡,[],[],0
374,宠宠窝,198,Self,truecurrentindex1itempetNickName粉丝itempetFansNum获赞itemcannedNum,[],[],0
375,宠宠窝,200,Slibing,itempetNickName粉丝itempetFansNum获赞itemcannedNum,[],[],0
376,宠宠窝,217,Self,itemtitleitemtitle,[],[],0
377,宠宠窝,221,Slibing,联系客服可截图本页面打开微信扫一扫添加好友或复制微信号搜索添加petpethouse点我复制,"['通信记录和内容', '用户个人信息标识', '浏览记录', '网络连接']","['通信记录和内容', '用户个人信息标识', '浏览记录']",0
378,宠宠窝,222,Slibing,联系客服可截图本页面打开微信扫一扫添加好友或复制微信号搜索添加petpethouse点我复制,"['通信记录和内容', '用户个人信息标识', '浏览记录', '网络连接']","['通信记录和内容', '用户个人信息标识', '浏览记录']",0
379,宠宠窝,233,Self,点我复制,[],[],0
380,宠宠窝,234,Slibing,使用必读为了您更好的使用本平台请您仔细阅读以下信息0用户协议2隐私条款3用户须知1免责声明,[],[],0
381,宠宠窝,235,Slibing,使用必读为了您更好的使用本平台请您仔细阅读以下信息0用户协议2隐私条款3用户须知1免责声明,[],[],0
382,宠宠窝,242,Self,0用户协议,[],[],0
383,宠宠窝,245,Self,2隐私条款,[],[],0
384,宠宠窝,248,Self,3用户须知,[],[],0
385,宠宠窝,251,Self,1免责声明,[],[],0
386,宠宠窝,254,Self,trueindexFooterindexindexFooteritemindexFooterindexsubmitnoneindexFooteritemtext,[],[],0
387,宠宠窝,257,Self,indexFooterindexsubmitnoneindexFooteritemtext,[],[],0
388,宠宠窝,261,Self,submitnone,[],[],0
389,宠宠窝,263,Slibing,searchanimationDatatrue搜索大家都在搜种类1猫猫2狗狗性别0公母品种searchindexsearchitem1searchdetailsearchindex2searchdetailsearchdetailname绝育情况已绝育未绝育相亲意愿有无城市searchcitycityNamesearchcitycityName城市重置确认,"['浏览记录', '性别', '姓名', '住址']","['浏览记录', '性别', '姓名', '住址']",0
390,宠宠窝,265,Self,searchanimationDatatrue搜索大家都在搜种类1猫猫2狗狗性别0公母品种searchindexsearchitem1searchdetailsearchindex2searchdetailsearchdetailname绝育情况已绝育未绝育相亲意愿有无城市searchcitycityNamesearchcitycityName城市重置确认,"['浏览记录', '性别', '姓名', '住址']","['浏览记录', '性别', '姓名', '住址']",0
391,宠宠窝,272,Self,大家都在搜,[],[],0
392,宠宠窝,278,Self,1猫猫,[],[],0
393,宠宠窝,280,Self,2狗狗,[],[],0
394,宠宠窝,286,Self,0公,[],[],0
395,宠宠窝,288,Self,1母,[],[],0
396,宠宠窝,296,Self,searchdetailsearchindex2searchdetailsearchdetailname,['姓名'],[],0
397,宠宠窝,302,Self,0已绝育,[],[],0
398,宠宠窝,304,Self,1未绝育,[],[],0
399,宠宠窝,310,Self,0有,[],[],0
400,宠宠窝,312,Self,1无,[],[],0
401,宠宠窝,318,Self,searchcitycityNamesearchcitycityName城市,['住址'],['住址'],0
402,宠宠窝,320,Self,重置,[],[],0
403,宠宠窝,321,Self,确认,[],[],0
404,宠宠窝,329,Self,toastbtnLeftText,[],[],0
405,宠宠窝,330,Slibing,toastbtnRightTextwechattoastbackApplaunchApptoastisAuthorizegetUserInfotoastuserPhonegetPhoneNumber,['姓名'],"['姓名','电话号码']",0
406,宠宠窝,331,Self,toastbtnRightText,[],[],0
407,宠宠窝,332,Self,toastbtnRightTextwechattoastbackApplaunchApptoastisAuthorizegetUserInfotoastuserPhonegetPhoneNumber,['姓名'],"['姓名','电话号码']",0
408,宠宠窝,334,Self,toastbtnRightText,[],[],0
409,宠宠窝,362,Slibing,发布萌卡,[],[],0
410,宠宠窝,365,Slibing,发布日记,[],[],0
411,宠宠窝,368,Slibing,发布日记,[],[],0
412,宠宠窝,379,Self,发布宠宠萌卡,[],[],0
413,宠宠窝,383,Self,truepublishDiarycurrentindex2indexitempetNickName粉丝itempetFansNum罐头itemcannedNum,[],['昵称'],0
414,宠宠窝,385,Self,indexitempetNickName粉丝itempetFansNum罐头itemcannedNum,[],[],0
415,宠宠窝,401,Slibing,罐头itemcannedNum,[],[],0
416,宠宠窝,405,Slibing,citysanimationData取消请选择所在城市确定citysitemcityNamecitysindexcitysitem,['住址'],['住址'],0
417,宠宠窝,409,Self,取消,[],[],0
418,宠宠窝,411,Self,确定,[],[],0
419,宠宠窝,413,Slibing,citysitemcityNamecitysindexcitysitem,['住址'],['住址'],0
420,宠宠窝,418,Slibing,更多有趣有料好玩的萌宠故事与养宠经验请关注宠宠窝微信公众号以下三种方式任选其一都可以找到我们哦欢迎随时来撩嘻嘻1微信号qcodeToastwechatno点我复制2微信搜索宠宠窝关注公众号3截图微信扫一扫打开相册qcodeToasthttpImgicqcodepng,"['用户个人信息标识', '网络连接', '浏览记录', '照片']","['用户个人信息标识', '浏览记录', '照片']",0
421,宠宠窝,419,Slibing,更多有趣有料好玩的萌宠故事与养宠经验请关注宠宠窝微信公众号以下三种方式任选其一都可以找到我们哦欢迎随时来撩嘻嘻1微信号qcodeToastwechatno点我复制2微信搜索宠宠窝关注公众号3截图微信扫一扫打开相册qcodeToasthttpImgicqcodepng,"['用户个人信息标识', '网络连接', '浏览记录', '照片']","['用户个人信息标识', '浏览记录', '照片']",0
422,宠宠窝,424,Self,1微信号qcodeToastwechatno,"['用户个人信息标识', '网络连接']",['用户个人信息标识'],0
423,宠宠窝,425,Self,点我复制,[],[],0
424,宠宠窝,432,Self,qcodeToasthttpImgicqcodepng,['照片'],['照片'],0
425,宠宠窝,433,Slibing,1应用商城搜索appBannerToastname点我复制2截图微信扫一扫打开相册appBannerToasthttpImgicandroidcodepngv000安卓下载appBannerToasthttpImgicioscodepngv000IOS下载,"['姓名', '浏览记录', '照片', '手机型号']","['浏览记录', '照片', '手机型号']",0
426,宠宠窝,434,Slibing,1应用商城搜索appBannerToastname点我复制2截图微信扫一扫打开相册appBannerToasthttpImgicandroidcodepngv000安卓下载appBannerToasthttpImgicioscodepngv000IOS下载,"['姓名', '浏览记录', '照片', '手机型号']","['浏览记录', '照片', '手机型号']",0
427,宠宠窝,440,Self,1应用商城搜索appBannerToastname,"['姓名', '浏览记录']",['浏览记录'],0
428,宠宠窝,441,Self,点我复制,[],[],0
429,宠宠窝,449,Self,appBannerToasthttpImgicandroidcodepngv000,"['照片', '手机型号']",['照片'],0
430,宠宠窝,454,Self,appBannerToasthttpImgicioscodepngv000,"['照片', '手机型号']",['照片'],0
433,宠宠窝,484,Self,signBoxtoastbtnLeftText,[],[],0
434,宠宠窝,485,Slibing,signBoxtoastbtnRightTextwechatsignBoxtoastbackApplaunchAppsignBoxtoastisAuthorizegetUserInfosignBoxtoastuserPhonegetPhoneNumber,['姓名'],"['姓名','电话号码']",0
435,宠宠窝,486,Self,signBoxtoastbtnRightText,[],[],0
436,宠宠窝,487,Self,signBoxtoastbtnRightTextwechatsignBoxtoastbackApplaunchAppsignBoxtoastisAuthorizegetUserInfosignBoxtoastuserPhonegetPhoneNumber,['姓名'],"['姓名','电话号码']",0
437,宠宠窝,489,Self,signBoxtoastbtnRightText,[],[],0
438,宠宠窝,515,Slibing,signBoxtinToasttinNumb,[],[],0
439,宠宠窝,532,Slibing,priviewVideodirectionmyVideopriviewVideofalse,[],[],0
440,宠宠窝,533,Self,priviewVideodirectionmyVideopriviewVideofalsepriviewVideofalse,[],[],0
441,宠步+,2,Slibing,plus宠物头像,['头像'],['头像'],0
442,宠步+,7,Self,请填写宠物名,[],['姓名'],0
443,宠步+,8,Slibing,varietyTitlevarietyValuevaluevarietyValuevalue0varietyValuevalue请选择品种,[],[],0
444,宠步+,14,Self,indexitemlistitemdataIndexitemdataIndex请选择itemlistitemdataIndex,[],[],0
445,宠步+,21,Self,itemnameindex,['姓名'],['姓名'],0
446,宠步+,23,Self,立即保存,[],[],0
447,宠物码头,1,Self,truestateFlag注册绑定手机cross昵称请输入您的昵称手机号码请输入您的手机号验证码请输入您的验证码获取验证码注册,"['住址', '电话号码', '昵称', '短信']","['住址', '电话号码', '昵称', '短信']",0
448,宠物码头,4,Self,cross,[],[],0
449,宠物码头,8,Self,请输入您的昵称,['昵称'],['昵称'],0
450,宠物码头,11,Self,请输入您的手机号,['电话号码'],['电话号码'],0
451,宠物码头,15,Self,请输入您的验证码,['短信'],['短信'],0
452,宠物码头,16,Self,获取验证码,['短信'],['短信'],0
453,宠物码头,18,Self,注册,[],[],0
454,封面新闻+,2,Self,登录后才能发布内容3d36e1e813d36e1e81,[],[],0
455,封面新闻+,5,Self,手机号登录getPhoneNumbergetPhoneNumber,['电话号码'],['电话号码'],0
456,布克船长,11,Slibing,storeaddress,['住址'],['住址'],0
457,布克船长,22,Slibing,storephone,[],['电话号码'],0
458,店店投餐饮知识,1,Self,truebrandInfobrandNamebrandInfochNamebrandInfoindustryTxt加盟费用查看详情brandInfoindexNum意向加盟brandInfomsgNum申请加盟brandInfoshopNum门店数brandInfosuitCrowdTxtbrandInfojoinCapitalTxtbrandInfojoinAreabrandInfoproducts免费获取brandInfobrandName加盟资料phone请输入你的手机号免费索取submit我们严格保护用户隐私绝不泄露任何信息加盟详情0加盟优势1加盟流程2brandInfobrandName加盟详情brandInfobrandIntroducebrandInfobrandName加盟优势brandInfobrandAdvantagebrandInfobrandName加盟流程brandInfobrandFlow我对此项目很感兴趣立即留言称呼userName请输入您的姓名手机我们严格保护用户隐私留言content这个项目不错请尽快联系我提交留言企业动态itemnewsTitlenewsdetailnewsdetailfileNameitemfileName猜你喜欢itemdetailitemdetailindustryCodeitemindustryCodeloginNameitemloginNameitembrandName友情提示本页面内容仅供参考为降低投资风险建议您在投资前多做考察咨询多对比分析内容声明以上所展示的信息均由第三方用户免费注册发布内容的真实性准确性和合法性均由发布用户负责中国餐饮网对此不承担任何相关连带责任中国餐饮网遵循相关法律法规严格审核相关内容如您发现页面有任何违法或侵权信息欢迎向网站举报并提供有效线索我们将认真核查及时处理感谢您的参与和支持Copyright20032019中国餐饮网苏ICP备18015948号6加盟有风险投资需谨慎立即留言免费索取加盟资料我想加盟咨询立即留言你的称呼,"['电话号码', '姓名', '工作单位', '文件']","['电话号码', '姓名', '文件']",0
459,店店投餐饮知识,14,Self,查看详情,[],[],0
460,店店投餐饮知识,41,Slibing,phone请输入你的手机号免费索取submit,['电话号码'],['电话号码'],0
461,店店投餐饮知识,44,Self,免费索取submit,[],[],0
462,店店投餐饮知识,48,Self,加盟详情0,[],[],0
463,店店投餐饮知识,49,Self,加盟优势1,[],[],0
464,店店投餐饮知识,50,Self,加盟流程2,[],[],0
465,店店投餐饮知识,69,Slibing,称呼userName请输入您的姓名手机phone我们严格保护用户隐私留言content这个项目不错请尽快联系我提交留言submit我们严格保护用户隐私绝不泄露任何信息,"['姓名', '电话号码']","['姓名', '电话号码']",0
466,店店投餐饮知识,79,Self,提交留言submit,[],[],0
467,店店投餐饮知识,105,Self,立即留言,[],[],0
468,店店投餐饮知识,106,Self,免费索取加盟资料,[],[],0
470,店店投餐饮知识,112,Slibing,称呼userName你的称呼手机phone我们严格保护用户隐私留言content这个项目不错请尽快联系我提交留言submit我们严格保护用户隐私绝不泄露任何信息,"['姓名', '电话号码']","['姓名', '电话号码']",0
471,店店投餐饮知识,122,Self,提交留言submit,[],[],0
472,待购,1,Self,573f88601default收货人请输入收货人真实姓名手机号请输入收货人手机号所在地区选择地区adds详细地址locationlocation请输入详细收货地址true请输入街道楼牌号等true设为默认地址保存isPopup573f88602573f88601default是否继续完善本次地址信息离开继续areaidcityidaddrPickerprovinceidselectedAddrstreetid573f88603573f88601,"['姓名', '电话号码', '住址', '精确定位信息', '经纬度']","['姓名', '电话号码', '住址', '精确定位信息', '经纬度']",0
473,待购,7,Self,请输入收货人真实姓名,['姓名'],['姓名'],0
474,待购,10,Self,请输入收货人手机号,"['姓名', '电话号码']","['姓名', '电话号码']",0
475,待购,13,Self,选择地区,['住址'],['住址'],0
476,待购,16,Self,adds,[],[],0
477,待购,22,Self,true请输入街道楼牌号等,['住址'],['住址'],0
478,待购,23,Slibing,true设为默认地址,['住址'],['住址'],0
479,待购,27,Self,保存,[],[],0
480,待购,28,Self,isPopup573f88602573f88601default是否继续完善本次地址信息离开继续,['住址'],['住址'],0
481,待购,32,Self,离开,[],[],0
482,待购,33,Self,继续,[],[],0
483,待购,34,Self,addsareaidcityidaddrPickerprovinceidselectedAddrstreetid573f88603573f88601,['住址'],['住址'],0
484,得到,6,Slibing,lazyloaddetailsproductnamedetailsintroisCoursedetailspricedescdetailspricenone,['姓名'],['姓名'],0
485,得到,22,Self,领取getPhoneNumber未注册得到的手机号将为你自动注册,['电话号码'],['电话号码'],0
486,得到,24,Self,领取getPhoneNumber,[],[],0
487,得到,29,Slibing,lazyloaddetailsproductnamedetailsintroisCoursedetailspricedescdetailspricenone,['姓名'],['姓名'],0
488,得到,68,Slibing,lazyloaddetailsproductnamedetailsintroisCoursedetailspricedescdetailspricenone,['姓名'],['姓名'],0
489,得到,100,Self,返回,[],[],0
490,房发现,2,Self,trueback175b2fe21defaultrightright,[],[],0
491,房发现,15,Self,price万,[],[],0
492,房发现,16,Self,FE4E3EslideBlockSizeslideHeightslideMaxslideMinrangeValues2175b2fe22minBlockmaxBlockslideWidthminBlockmaxBlock,['精确定位信息'],[],0
493,房发现,21,Slibing,dresName,[],[],0
494,房发现,27,Self,itemname,['姓名'],[],0
495,房发现,31,Self,itemname,['姓名'],[],0
496,房发现,34,Slibing,请输入手机号,['电话号码'],['电话号码'],0
497,房发现,35,Self,请输入手机号,['电话号码'],['电话号码'],0
498,房发现,40,Self,提交,[],[],0
499,房发现,41,Self,trueshare175b2fe23default修改总价预算万确定,[],[],0
501,房发现,53,Self,确定,[],[],0
502,房发现,54,Self,trueidealShare175b2fe24default取消确定dresNameitemname,['姓名'],[],0
503,房发现,57,Self,取消,[],[],0
504,房发现,58,Self,确定,[],[],0
505,房发现,62,Slibing,itemname,['姓名'],['姓名'],0
506,报名工具助手,8,Self,请输入微信号请输入微信号,"['用户个人信息标识', '网络连接']",['用户个人信息标识'],0
507,报名工具助手,9,Self,请输入手机号码请输入手机号码,['电话号码'],['电话号码'],0
508,报名工具助手,10,Self,提交提交,[],[],0
509,拉钩校园,8,Self,请输入手机号,['电话号码'],['电话号码'],0
510,拉钩校园,13,Self,请输入6位手机验证码,"['电话号码', '短信']","['电话号码', '短信']",0
511,拉钩校园,14,Self,codeStr,[],[],0
512,拉钩校园,20,Self,true密码为618位数字英文或组合,['鉴别信息（口令）'],['鉴别信息（口令）'],0
513,拉钩校园,25,Self,true请输入确认密码,['鉴别信息（口令）'],['鉴别信息（口令）'],0
514,拉钩校园,30,Self,注册邀请码选填,[],[],0
515,拉钩校园,33,Self,注册,[],[],0
516,方案猎手,7,Self,请输入您的手机号码,['电话号码'],['电话号码'],0
517,方案猎手,10,Self,请输入您的手机号码,['电话号码'],['电话号码'],0
518,方案猎手,14,Self,flag绑定手机更换手机btnclassbtnclass,['电话号码'],['电话号码'],0
519,查看二维码,41,Self,compindexcompIndexcompbaseFontSizeemptyTipscompindexcompIndexisEditTplisTplCreateitemidupdateEmptyTipsupdateField,"['网络连接', 'IP地址']",[],0
520,查看二维码,47,Slibing,langcommonclickAuthWechat,"['点击记录', '网络连接']",['点击记录'],0
521,查看二维码,53,Self,langcommonmodify,['网络连接'],[],0
522,查看二维码,55,Self,langcommonclear,['网络连接'],[],0
523,查看二维码,59,Slibing,langcommonclickAuthPhone,"['点击记录', '网络连接']","['点击记录', '电话号码']",0
524,查看二维码,63,Slibing,compvalue,[],[],0
525,查看二维码,67,Self,langcommonclear,['网络连接'],[],0
526,查看二维码,69,Self,compitemidlangcommonpleaseEnter,['网络连接'],[],0
527,查看二维码,72,Self,compindexcompIndexisTplCreatecomprecorderInfoaddressitemisTplCreateitemidrecorderInfoaddresspidnonelangcommonclickAuthLocation,"['住址', '付款/支出', '麦克风', '点击记录', '网络连接']","['住址', '付款/支出', '点击记录']",0
528,查看二维码,76,Self,地图中查看compidcomplatcomplogcompaddressNamerecorderInfoaddressitemvalueitemid,"['精确定位信息', '经纬度', '日志', '住址', '付款/支出', '麦克风']",['住址'],0
529,查看二维码,77,Self,langcommonclearcompindexcompIndexisTplCreatecomprecorderInfoaddressitemisTplCreateitemidrecorderInfoaddresspid,"['网络连接', '住址', '付款/支出', '麦克风']",['住址'],0
530,查看二维码,121,Self,langcommonviewMyFormconfirm,['网络连接'],[],0
531,查看二维码,122,Self,langcommonbackcanAddRecordTimeconfirm,['网络连接'],[],0
532,查看二维码,126,Self,formSourceDataformSourceDatabtntitlelangcommonsubmitisAuthhasMobileAlready,['网络连接'],[],0
533,查看二维码,127,Self,trueeditSaveTextformSourceDataformSourceDatabtntitlelangcommonsubmitsubmitcolorInfothemeColorfffcolorInfothemeColorffffffwhiteBgblackBg,['网络连接'],[],0
534,查看二维码,128,Self,editSaveTextformSourceDataformSourceDatabtntitlelangcommonsubmitsubmitcolorInfothemeColorfffcolorInfothemeColorffffffwhiteBgblackBg,['网络连接'],[],0
535,查看二维码,130,Self,查看详情,[],[],0
536,查看二维码,131,Slibing,提交成功jumpText,[],[],0
537,查看二维码,135,Self,16pxprotocolconfirm5A6B90403pxprotocolShowfalse表单填写须知318px您一旦主动填写并提交后即视为您授权该表单收集您填写的信息相关的个人信息即归于表单创建者控制您应自行判断提供个人信息的相应风险如您拒绝向表单创建者提供个人信息请勿填写并提交表单如果您对以上表单创建者控制的个人信息的收集目的范围和使用方式有任何疑问或意见您理解并同意联系该表单创建者处理隐私协议,[],[],0
538,查看二维码,136,Self,您一旦主动填写并提交后即视为您授权该表单收集您填写的信息相关的个人信息即归于表单创建者控制您应自行判断提供个人信息的相应风险如您拒绝向表单创建者提供个人信息请勿填写并提交表单如果您对以上表单创建者控制的个人信息的收集目的范围和使用方式有任何疑问或意见您理解并同意联系该表单创建者处理隐私协议,[],[],0
539,查看二维码,140,Self,隐私协议,[],[],0
540,樊登读书,3,Self,loginText,[],[],0
541,樊登读书,6,Self,areaCode,['住址'],['住址'],0
542,樊登读书,8,Self,手机号码fontl2color,['电话号码'],['电话号码'],0
543,樊登读书,9,Self,deleteInputVal,[],[],0
544,樊登读书,11,Self,验证码fontl2color,['短信'],['短信'],0
545,樊登读书,12,Self,codeText,[],[],0
546,樊登读书,16,Self,登录登录,[],[],0
547,樊登读书,19,Self,用户服务协议,[],[],0
548,法律名片,9,Slibing,itemname,['姓名'],['姓名'],0
549,法律名片,19,Slibing,itemname,['姓名'],['姓名'],0
550,法律名片,46,Self,2017090120150901date,[],[],0
551,法律名片,52,Self,21010901time,[],[],0
552,法律名片,92,Self,countryCodescountryCodescountryCodeIndex,"['国籍', '住址']","['国籍', '住址']",0
553,法律名片,100,Self,accountsaccountsaccountIndex,[],[],0
554,法律名片,106,Self,countriescountriescountryIndex,"['国籍', '住址']","['国籍', '住址']",0
555,法律名片,108,Slibing,weuiAgree相关条款,[],[],0
556,法律名片,116,Self,确定,[],[],0
557,爆单服+,2,Self,search快速搜索车辆名称或品牌快速搜索车辆名称或品牌,"['姓名', '车辆信息', '浏览记录', '手机型号']","['车辆信息', '浏览记录']",0
558,爆单服+,3,Slibing,快速搜索车辆名称或品牌,"['姓名', '车辆信息', '浏览记录', '手机型号']","['车辆信息', '浏览记录']",0
559,爱妙客,2,Slibing,cnameename,['姓名'],['姓名'],0
562,爱妙客,20,Self,idxidxitemnameitemprice人,['姓名'],[],0
563,爱妙客,25,Slibing,使用日期cday,[],[],0
564,爱妙客,30,Self,daydayday,[],[],0
565,爱妙客,34,Self,timetimetime,[],[],0
566,爱妙客,43,Self,idx,[],[],0
567,爱妙客,45,Self,idx,[],[],0
568,爱妙客,49,Self,选择取票人,[],[],0
569,爱妙客,55,Self,服务协议,[],[],0
570,爱妙客,56,Slibing,金额明细itemnameitempriceXitemnums张,['姓名'],[],0
571,爱妙客,57,Slibing,金额明细itemnameitempriceXitemnums张,['姓名'],[],0
572,爱妙客,66,Self,金额明细金额明细,[],[],0
573,爱妙客,67,Self,去支付去支付,['付款/支出'],['付款/支出'],0
574,爱逛,1,Self,bottomfalsepopupVisible爱逛申请获取以下权限为你提供服务获取你的手机号提供更好的账户安全物流等服务在接下来微信授权手机号的弹窗中选择允许使用有赞的相关服务需要将你的手机号授权给有赞和商家取消hovermask确定getPhoneNumber,"['电话号码', '用户个人信息标识']","['电话号码', '用户个人信息标识']",0
575,爱逛,11,Self,取消hovermask,[],[],0
576,爱逛,12,Self,确定hovermaskgetPhoneNumber,[],[],0
577,父母邦,7,Self,receiver请填写姓名,"['电话号码', '姓名']","['电话号码', '姓名']",0
578,父母邦,12,Self,mobile请填写手机号,['电话号码'],['电话号码'],0
579,父母邦,16,Slibing,请选择省市区arrowerrorMsgpctext,"['住址', '日志']",['住址'],0
580,父母邦,23,Self,address请填写详细地址,['住址'],['住址'],0
581,父母邦,28,Self,isdefaultchecked,[],[],0
582,父母邦,29,Self,保存并使用,[],[],0
583,父母邦,33,Self,取消,[],[],0
584,父母邦,34,Self,确定,[],[],0
585,父母邦,35,Slibing,itemname,['姓名'],['姓名'],0
586,爸妈营好物,4,Self,中国formDatacountryCode,"['国籍', '住址']","['国籍', '住址']",0
587,爸妈营好物,5,Self,请输入手机号,['电话号码'],['电话号码'],0
588,爸妈营好物,7,Self,请输入密码,['鉴别信息（口令）'],['鉴别信息（口令）'],0
589,爸妈营好物,9,Self,agreementtext,[],[],0
590,爸妈营好物,10,Self,loginBtntextloginBtntext,[],[],0
591,版纳天天水果+,5,Self,中国formDatacountryCode,"['国籍', '住址']","['国籍', '住址']",0
592,版纳天天水果+,6,Self,请输入手机号,['电话号码'],['电话号码'],0
593,版纳天天水果+,8,Self,custominputclass请输入6位验证码,['短信'],['短信'],0
594,版纳天天水果+,9,Self,captchatext,[],[],0
595,版纳天天水果+,10,Self,loginBtntext,[],[],0
596,版纳天天水果+,11,Self,getPhoneNumber,[],[],0
597,版纳天天水果+,16,Self,formDataagreement用户使用协议,[],[],0
598,班小二,2,Slibing,班级名称className请输入学段选择periodNameperiodName请选择periodNameindex您的姓名userName小孩姓名stuName亲属关系relationrelationsrelation确定创建班级submit,"['姓名', '家庭关系', '经纬度']","['姓名', '家庭关系']",0
599,班小二,9,Self,periodNameperiodName请选择periodNameindex,[],[],0
600,班小二,22,Self,relationrelations请选择relation,['经纬度'],['经纬度'],0
601,班小二,27,Self,确定创建班级submit,[],[],0
602,班级帮,7,Self,请输入,[],[],0
603,班级帮,12,Self,rangesname请选择,['姓名'],['姓名'],0
604,班级帮,20,Self,请输入,[],[],0
605,班级帮,22,Self,确定创建班级,[],[],0
606,电信营业厅,8,Self,请输入选号系统中的号码,[],[],0
607,电信营业厅,11,Slibing,取消cancel确认confirm,[],[],0
608,畅途汽车票,8,Self,有效手机号placeholderinput,"['电话号码', '住址']",['电话号码'],0
609,畅途汽车票,10,Self,动态密码placeholderinput,"['鉴别信息（口令）', '住址']",['鉴别信息（口令）'],0
610,畅途汽车票,13,Self,确定w1804,[],[],0
611,畅途汽车票,15,Self,checkFlag畅途服务协议w1805,[],[],0
612,畅途汽车票,18,Self,畅途服务协议w1805,[],[],0
613,番薯借阅,2,Self,mpxPageStatus收件地址收件地址,['住址'],['住址'],0
614,番薯借阅,4,Self,changechangeValuenamempxeventmpxPageStatus姓名96,['姓名'],['姓名'],0
615,番薯借阅,5,Self,changechangeValuetelmpxeventmpxPageStatus手机96,['电话号码'],['电话号码'],0
616,番薯借阅,6,Self,changechangeValueaddressmpxeventmpxPageStatus地址96,['住址'],['住址'],0
617,番薯借阅,8,Self,44truempxPageStatus保存16335,[],[],0
618,百城招聘丨求职找工作找人才,1,Self,保存,[],[],0
619,百城招聘丨求职找工作找人才,3,Slibing,头像,['头像'],['头像'],0
620,百城招聘丨求职找工作找人才,8,Self,namejwName姓名colorlightgray,['姓名'],['姓名'],0
621,百城招聘丨求职找工作找人才,17,Self,sexsexArrayname请选择性别colorlightgray,"['性别', '姓名']",['性别'],0
622,百城招聘丨求职找工作找人才,26,Self,workExprworkExprArrayname请选择工作经验colorlightgray,"['职业', '姓名']",['职业'],0
623,百城招聘丨求职找工作找人才,34,Self,birthdayendTimestartTime请选择出生日期colorlightgray,['生日'],['生日'],0
624,百城招聘丨求职找工作找人才,43,Self,mobile请填写手机号码colorlightgray,['电话号码'],['电话号码'],0
625,百城招聘丨求职找工作找人才,48,Self,phonephone请填写联系电话colorlightgray,['电话号码'],['电话号码'],0
626,百城招聘丨求职找工作找人才,54,Self,emailemail请填写联系邮箱colorlightgray,['电子邮件地址'],['电子邮件地址'],0
627,百城招聘丨求职找工作找人才,60,Self,addressaddress请填写联系地址colorlightgray,['住址'],['住址'],0
628,百姓网本地服务,3,Self,请输入城市名称searchbarinputplaceholder,"['姓名', '住址']","['姓名', '住址']",0
629,百姓网本地服务,6,Self,citynamecityenglishNamecityidcitynamecity,"['姓名', '住址']","['姓名', '住址']",0
630,百姓网本地服务,10,Self,locateCitynamelocateCityenglishNamelocateCityidlocateCityname,"['姓名', '精确定位信息']","['姓名', '精确定位信息']",0
631,百姓网本地服务,13,Self,itemnameitemenglishNameitemiditemname,['姓名'],['姓名'],0
632,百姓网本地服务,16,Self,citynamecityenglishNamecityidcitynamecity,"['姓名', '住址']","['姓名', '住址']",0
633,百姓网本地服务,17,Slibing,itemindex,[],[],0
634,百蜜法律服务,10,Self,请输入手机号,['电话号码'],['电话号码'],0
635,百蜜法律服务,12,Self,timeDown0timeDownS获取验证码,['短信'],['短信'],0
636,百蜜法律服务,17,Self,请输入验证码,['短信'],['短信'],0
637,百蜜法律服务,19,Self,完成,[],[],0
638,芬香,6,Self,请输入手机号inputplaceholder,"['电话号码', '住址']",['电话号码'],0
639,芬香,8,Self,请输入验证码inputplaceholder,"['短信', '住址']",['短信'],0
640,芬香,9,Slibing,suffix,[],[],0
641,芬香,12,Self,手机号登录,['电话号码'],['电话号码'],0
642,芬香,14,Self,用户协议,[],[],0
643,芬香,15,Self,隐私协议,[],[],0
644,袋鼠校园,3,Self,heightheightList身高heightListheightcm,['身高'],['身高'],0
645,袋鼠校园,9,Self,weightweightList体重weightListweightkg,['体重'],['体重'],0
646,袋鼠校园,15,Slibing,确定,[],[],0
647,豆瓣评分,7,Self,name手机号邮箱inputplaceholder,"['姓名', '电话号码', '电子邮件地址', '住址']","['姓名', '电话号码', '电子邮件地址']",0
648,豆瓣评分,10,Self,passwordtrue密码inputplaceholder,"['鉴别信息（口令）', '住址']","['鉴别信息（口令）', '住址']",0
649,豆瓣评分,13,Self,statusTextisLoginDisabled,[],[],0
650,超级阿姨家政保洁,1,Slibing,您的手机号是阿姨会与您电话联系phone手机号码verifyCode图形验证码firstCanvascode手机验证码codeTextsubmitredbuttonhoverreferral邀请码可不填agreement服务协议和隐私政策开始享用超级服务,"['电话号码', '短信']","['电话号码', '短信']",0
651,超级阿姨家政保洁,6,Slibing,phone手机号码verifyCode图形验证码firstCanvascode手机验证码codeTextsubmitredbuttonhoverreferral邀请码可不填,"['电话号码', '短信']","['电话号码', '短信']",0
652,超级阿姨家政保洁,11,Self,firstCanvas,[],[],0
653,超级阿姨家政保洁,14,Self,codeTextsubmitredbuttonhover,[],[],0
654,超级阿姨家政保洁,17,Self,agreement服务协议和隐私政策,[],[],0
655,超级阿姨家政保洁,20,Self,服务协议,[],[],0
656,超级阿姨家政保洁,22,Self,隐私政策,[],[],0
657,超级阿姨家政保洁,23,Self,开始享用超级服务submitredbuttonhoverredbuttonhover,[],[],0
658,超级阿姨家政保洁,24,Self,暂时不登录submitredbuttonhover,[],[],0
659,车找人找车平台,10,Self,showStartPlaceWinshowStartPlaceWinstartPlaceData,[],[],0
660,车找人找车平台,11,Self,showEndPlaceWinshowEndPlaceWinendPlaceData,[],[],0
661,车找人找车平台,22,Self,直接关闭,[],[],0
662,车找人找车平台,23,Self,保存分享图,[],[],0
663,车找人找车平台,24,Self,模板showtpllist,[],[],0
664,车找人找车平台,33,Self,sex,['性别'],['性别'],0
665,车找人找车平台,37,Self,tel手机号和微信号至少填写一项zanfieldplaceholder,"['电话号码', '用户个人信息标识', '网络连接', '住址']","['电话号码', '用户个人信息标识']",0
666,车找人找车平台,39,Self,获取号码getPhoneNumber,[],[],0
667,车找人找车平台,43,Self,wxid手机号和微信号至少填写一项zanfieldplaceholder,"['电话号码', '用户个人信息标识', '网络连接', '住址']","['电话号码', '用户个人信息标识']",0
668,车找人找车平台,45,Self,同手机号,['电话号码'],['电话号码'],0
669,车找人找车平台,48,Self,showStartPlaceWinfrombaseplace,"['住址', '网络连接']",[],0
670,车找人找车平台,55,Self,showEndPlaceWintobaseplace,"['住址', '网络连接']",[],0
671,车找人找车平台,65,Self,datestr,[],[],0
672,车找人找车平台,75,Slibing,item年item月item日,[],[],0
673,车找人找车平台,84,Self,timestr,[],[],0
674,车找人找车平台,94,Slibing,item时item分,[],[],0
675,车找人找车平台,115,Slibing,把发布信息存为模板方便以后重复发布,[],[],0
676,车找人找车平台,120,Self,请输入要保存的模板名,[],[],0
677,车找人找车平台,121,Slibing,VIP权益,[],[],0
678,车找人找车平台,124,Self,checked,[],[],0
679,车找人找车平台,125,Self,阅读并同意checked,[],[],0
680,车找人找车平台,126,Self,免责声明,[],[],0
681,车找人找车平台,131,Slibing,办理VIP免费发布及获赠托管发布,[],[],0
682,车找人找车平台,134,Self,确认发布,[],[],0
683,车找人找车平台,136,Self,提交设置,[],[],0
684,车找人找车平台,140,Self,showsharefrind,[],[],0
685,车找人找车平台,154,Self,办理vip可无限发布查看详情办理vip可无限发布查看详情,['IP地址'],[],0
686,车找人找车平台,156,Self,保存海报,[],[],0
687,车找人找车平台,157,Self,直接分享share,[],[],0
688,车找人找车平台,160,Self,showsharefrind,[],[],0
689,车找人找车平台,163,Self,微信群share,['群组列表'],['群组列表'],0
690,车找人找车平台,165,Self,保存海报,[],[],0
691,车找人找车平台,200,Self,fromfrienddatadoingfromfrienddatatelfromfrienddatawxid联系,['电话号码'],['电话号码'],0
692,车找人找车平台,203,Self,我也要发布我也要发布,[],[],0
693,车找人找车平台,205,Self,showtpllistshowtpllist,[],[],0
694,车找人找车平台,210,Self,itemnameindex,['姓名'],[],0
695,车找人找车平台,212,Self,index,[],[],0
696,车有料,5,Self,name请输入真实姓名,['姓名'],['姓名'],0
697,车有料,9,Self,phone请输入车主电话,['电话号码'],['电话号码'],0
698,车有料,13,Self,proxyPhoneLen请输入办理人登记手机号,['电话号码'],['电话号码'],0
699,车有料,17,Self,JashiZhengHao请输入车主驾驶证号,['驾驶证'],['驾驶证'],0
700,车有料,21,Self,proxyCardNoLen请输入办理人驾驶证号,['驾驶证'],['驾驶证'],0
701,车有料,25,Self,IDCard请输入车主身份证号,['身份证'],['身份证'],0
702,车有料,29,Self,DanganBianHao请输入驾驶证档案编号,['驾驶证'],['驾驶证'],0
703,车有料,33,Self,FilePhone请输入车主车管所驾驶证登记电话,"['电话号码', '驾驶证']","['电话号码', '驾驶证']",0
704,车有料,37,Self,CheliangZhengShu请输入车辆登记证书号,['车辆信息'],['车辆信息'],0
705,车有料,41,Self,TiaoXingMa请输入驾驶证条形码编号,['驾驶证'],['驾驶证'],0
706,车有料,45,Self,XingShiZhengHao请输入行驶证档案编号,['驾驶证'],['驾驶证'],0
707,车有料,49,Self,VehicleBarcode请输入行驶证条形码,['驾驶证'],['驾驶证'],0
708,车有料,51,Self,DrivingLicense行驶证照片正页,"['驾驶证', '照片']","['驾驶证', '照片']",0
709,车有料,56,Self,DrivingLicense,[],[],0
710,车有料,58,Self,DrivingSecondLicense行驶证照片背页,"['驾驶证', '照片']","['驾驶证', '照片']",0
711,车有料,63,Self,DrivingSecondLicense,[],[],0
712,车有料,65,Self,MajorViolation驾驶证照片正页,"['经纬度', '驾驶证', '照片']","['驾驶证', '照片']",0
713,车有料,70,Self,MajorViolation,['经纬度'],['经纬度'],0
714,车有料,72,Self,MajorSecondViolation驾驶证照片背页,"['经纬度', '驾驶证', '照片']","['驾驶证', '照片']",0
715,车有料,77,Self,MajorSecondViolation,['经纬度'],[],0
716,车有料,81,Self,VerifyCodeLen请输入,[],[],0
717,车有料,82,Self,获取验证码,['短信'],['短信'],0
718,车有料,84,Slibing,违章代办信息vioDatalength,[],[],0
719,车有料,108,Self,提交订单提交订单,['付款/支出'],['付款/支出'],0
720,车轮查违章,4,Self,拍照识别,['摄像头'],['摄像头'],0
721,车轮查违章,8,Self,provinceShortNameprovinceIndex,['住址'],['住址'],0
722,车轮查违章,9,Self,input请输入,[],[],0
723,车轮查违章,12,Self,carTypeMapcarTypeMapcarType,[],[],0
724,车轮查违章,16,Self,input请输入发动机号,['车辆信息'],['车辆信息'],0
725,车轮查违章,19,Self,input请输入车架号,[],[],0
726,车轮查违章,22,Slibing,regDate请选择,[],[],0
727,车轮查违章,24,Slibing,删除车辆,['车辆信息'],['车辆信息'],0
728,车轮查违章,30,Self,isEdit保存保存并查询Hover,[],[],0
729,车轮查违章,31,Self,provincepopbgitemindex,['住址'],['住址'],0
730,车轮查违章,33,Self,itemindex,[],[],0
731,车轮车主服务,8,Self,truehover150province,['住址'],['住址'],0
732,车轮车主服务,11,Self,点击输入,[],[],0
733,车轮车主服务,14,Self,请输入完整发动机号,['车辆信息'],['车辆信息'],0
734,车轮车主服务,16,Self,立即查询btnChaHoverhover150150,[],[],0
735,车轮车主服务,22,Slibing,itemhover150,[],[],0
736,车轮车主服务,24,Self,itemitemhover150,[],[],0
737,车轮驾照通,4,Self,手机号,['电话号码'],['电话号码'],0
738,车轮驾照通,6,Self,验证码,['短信'],['短信'],0
739,车轮驾照通,7,Self,code,[],[],0
740,车轮驾照通,8,Self,立即绑定立即绑定,[],[],0
741,车轮驾照通,9,Slibing,服务协议,[],[],0
742,车轮驾照通,18,Self,重新获取1,[],[],0
743,车轮驾照通,19,Self,验证码,['短信'],['短信'],0
744,车轮驾照通,21,Self,取消0,[],[],0
745,车轮驾照通,22,Self,确定1,[],[],0
746,达达专送,5,Self,true地址headerbodyaddrInfopoiName定位地址addrInfopoiAddress正在搜索地址请选择搜索出的地址点击搜索地址,"['住址', '头像', '精确定位信息', '浏览记录']","['住址', '头像', '精确定位信息', '浏览记录']",0
747,达达专送,25,Self,ClickDoorNumberdoorplate例2号楼6楼501室body,['经纬度'],['住址'],0
748,达达专送,28,Self,ClickContactsname姓名body,['姓名'],['姓名'],0
749,达达专送,31,Self,ClickPhonephonephonePlaceholderbody,[],[],0
750,达达专送,32,Self,footer切换手机切换座机,['电话号码'],['电话号码'],0
751,达达专送,40,Self,粘贴整段发货信息自动识别并填充地址姓名电话例如浦东南路1036号隆宇大厦608室01057291804董小姐realTextareavirtual,"['姓名', '住址', '电话号码', '剪切板']","['姓名', '住址', '电话号码', '剪切板']",0
752,达达专送,43,Self,ClickClearMachineInput,[],[],0
753,达达专送,45,Self,ClickMachineInput提交intelligentFillingStr,['电话号码'],['电话号码'],0
754,达达专送,56,Self,暂不使用ClickCloseRemindMachineInput,[],[],0
755,达达专送,57,Self,立即使用ClickUseRemindMachineInput,[],[],0
756,达达专送,60,Self,itemitempoiNameitempoiAddress,[],[],0
757,达达专送,63,Slibing,24,[],[],0
758,达达专送,66,Slibing,确定,[],[],0
759,递名片,1,Slibing,handcaraAnimationData快速制作1张名片formTitlejoinTeamgetUserInfo姓名0请填写姓名职位2请填写职位公司1请填写公司手机3请填写手机号码微信4请填写微信地址5请填写地址animationData选择一张名片加入企业listTtilelistTtileopenTypefromTeamclaimCardtrueitementIdindexitemname已加入其它企业itemcompanyitementNameitemjob制作新名片,"['职业', '职位', '姓名', '工作单位', '电话号码', '住址', '工作经历']","['职业', '职位', '姓名', '工作单位', '电话号码', '住址', '工作经历']",0
760,递名片,2,Self,handhand,[],[],0
761,递名片,7,Self,formTitlejoinTeamgetUserInfo,[],[],0
762,递名片,8,Slibing,姓名0请填写姓名职位2请填写职位公司1请填写公司手机3请填写手机号码微信4请填写微信地址5请填写地址,"['姓名', '职位', '工作单位', '电话号码', '住址']","['姓名', '职位', '工作单位', '电话号码', '住址']",0
763,递名片,13,Self,0请填写姓名,['姓名'],['姓名'],0
764,递名片,17,Self,2请填写职位,['职位'],['职位'],0
765,递名片,21,Self,1请填写公司,['工作单位'],['工作单位'],0
766,递名片,26,Self,3请填写手机号码,['电话号码'],['电话号码'],0
767,递名片,30,Self,4请填写微信,[],[],0
768,递名片,31,Slibing,地址5请填写地址,['住址'],['住址'],0
769,递名片,34,Self,5请填写地址,['住址'],['住址'],0
770,递名片,38,Self,listTtile,[],[],0
771,递名片,39,Self,listTtileopenTypefromTeamclaimCardgetUserInfo,[],[],0
772,递名片,41,Self,itementIdindexitemname已加入其它企业itemcompanyitementNameitemjob,"['姓名', '工作单位', '工作经历', '职业']","['工作单位', '工作经历', '职业']",0
773,递名片,53,Slibing,制作新名片,"['职业', '职位']","['职业', '职位']",0
774,邦邑名庄,9,Slibing,memberNamememberLevelName立即登录,[],[],0
775,邦邑名庄,23,Self,立即登录,[],[],0
776,邦邑名庄,26,Self,立即开通memberShipCardInfofirstUnBuyCardid,['IP地址'],[],0
777,邦邑名庄,28,Slibing,memberShipCardInfortMemberShipCardListmemberShipCardInfortMemberShipCardListlength会员卡,"['IP地址', '用户个人信息标识']",['用户个人信息标识'],0
778,邦邑名庄,32,Slibing,memberAssetsdepositcommformatDoublememberAssetsdeposit余额,['存款信息'],['存款信息'],0
779,邦邑名庄,36,Slibing,memberAssetscurrentItgintegralName,[],[],0
780,邦邑名庄,40,Slibing,优惠券,[],[],0
781,邦邑名庄,46,Self,allmyOrderInfonamemyOrderInfoModuleshowCountmyOrderInfo,['姓名'],['姓名'],0
782,邦邑名庄,50,Slibing,tabnonesubPagesafterSaleafterSalerefundSizetabcounttabsntabsnDefaulttabcounttabselectedIdtabsntabsallmyOrderInfoname,"['收款/收入', '付款/支出', '姓名']","['收款/收入', '付款/支出']",0
783,邦邑名庄,61,Self,tabselectedIdtabsntabstabcount,[],[],0
784,邦邑名庄,68,Self,allmyOrderInfoname,['姓名'],['姓名'],0
785,邦邑名庄,77,Self,5waitPay待付款waitPay,['付款/支出'],['付款/支出'],0
786,邦邑名庄,82,Self,6waitGroup待成团waitGroup,[],[],0
787,邦邑名庄,87,Self,10waitShip待发货waitShip,['IP地址'],[],0
788,邦邑名庄,92,Self,15toSignUp待收货toSignUp,[],[],0
789,邦邑名庄,97,Self,20toComment已收货toComment,[],[],0
790,邦邑名庄,107,Slibing,allpromoteSetName中心promoterInfonamepromoterDatabalancecommformatDoublepromoterDatabalance待提现promoterDataincomecommformatDoublepromoterDataincome累计收入promoterDatatotalCustomers累计客户,"['姓名', '网络连接', '收款/收入']",['收款/收入'],0
791,邦邑名庄,115,Slibing,promoterDatabalancecommformatDoublepromoterDatabalance待提现,['网络连接'],[],0
792,邦邑名庄,118,Slibing,promoterDataincomecommformatDoublepromoterDataincome累计收入,['收款/收入'],['收款/收入'],0
793,邦邑名庄,121,Slibing,promoterDatatotalCustomers累计客户,[],[],0
794,邦邑名庄,126,Self,itemiditemtpitemurlitemtploginisLoginitemhiddenitemname,['姓名'],['姓名'],0
795,邦邑名庄,135,Self,itemiditemtpitemurlitemtploginisLoginitemhiddenitemnd,[],[],0
796,邦邑名庄,154,Self,close,[],[],0
797,邦邑名庄,158,Self,获取微信绑定的手机号submitgetPhoneNumber,['电话号码'],['电话号码'],0
798,邦邑名庄,159,Self,使用其他手机号otherMobile,['电话号码'],['电话号码'],0
799,邦邑名庄,164,Self,mobile请输入手机号,['电话号码'],['电话号码'],0
800,邦邑名庄,166,Self,code,[],[],0
801,邦邑名庄,167,Self,countDownText,[],[],0
802,邦邑名庄,169,Self,取消close,[],[],0
803,邦邑名庄,170,Self,确定,[],[],0
804,邦邑名庄,172,Self,close,[],[],0
805,邦邑名庄,176,Self,mobile合并账号existMemberAcct,"['电话号码', '用户个人信息标识']","['电话号码', '用户个人信息标识']",0
806,邦邑名庄,178,Self,不合并保留现有账号wxapp,['用户个人信息标识'],['用户个人信息标识'],0
807,钓鱼天气预报专业版,7,Self,请填写昵称,['昵称'],['昵称'],0
808,钓鱼天气预报专业版,16,Self,点击绑定,[],[],0
809,钓鱼天气预报专业版,17,Self,点击修改,[],[],0
810,钓鱼天气预报专业版,18,Self,保存,[],[],0
811,钓鱼天气预报专业版,23,Self,请输入手机号,['电话号码'],['电话号码'],0
812,钓鱼天气预报专业版,27,Self,请填写验证码,['短信'],['短信'],0
813,钓鱼天气预报专业版,28,Self,verify,[],[],0
814,钓鱼天气预报专业版,29,Self,绑定,[],[],0
815,铲屎官爱省钱,5,Self,itemiditemnickname,['姓名'],['姓名'],0
816,铲屎官爱省钱,9,Slibing,添加爱宠,[],[],0
817,铲屎官爱省钱,12,Self,true新增爱宠还差一步哦完善主子信息获取结果昵称nickname点击输入昵称性别itemvalueitemkey出生endbirthstartdateSeldateSel点击选择出生日期体重weight点击输入体重kg品种breednamebreedSelNamebreedSelName点击选择爱宠的品种是否绝育选择标签itemnameitemidsubmitnone,"['昵称', '姓名', '性别', '鉴别信息（口令）', '生日', '体重']","['昵称', '姓名', '性别', '鉴别信息（口令）', '生日', '体重']",0
818,铲屎官爱省钱,24,Self,itemvalueitemkey,['鉴别信息（口令）'],[],0
819,铲屎官爱省钱,28,Self,endbirthstartdateSeldateSel点击选择出生日期,['生日'],['生日'],0
820,铲屎官爱省钱,37,Self,breednamebreedSelNamebreedSelName点击选择爱宠的品种,['姓名'],['姓名'],0
821,铲屎官爱省钱,43,Self,itemvalueitemkey,['鉴别信息（口令）'],[],0
822,铲屎官爱省钱,46,Self,itemnameitemid,['姓名'],[],0
823,铲屎官爱省钱,48,Self,submitnone,[],[],0
824,防丢码,5,Self,true收件人name请填您的姓名placType联系方式mobile请填写您的手机号邮寄地址address请填写您的详细地址0确认submit,"['姓名', '电话号码', '住址']","['姓名', '电话号码', '住址']",0
825,防丢码,15,Self,确认submit,[],[],0
826,风火递,3,Slibing,VIdentityModelIdentityDialogalert确认,['日志'],[],0
827,风火递,4,Self,groupgroupModelholidayImageisScrollTop,[],[],0
828,风火递,9,Self,generalDataguideListuserTypesaleholidayImageisLoadingshowBadgeuserInfo,"['用户个人信息标识', '姓名']",['用户个人信息标识'],0
829,风火递,15,Self,itembadgeitembadgeSrcitembadgeTypeitembubbleKeyitembubbleTitleitemiconshowImportOrderitemshowBubbleitemtitle,[],[],0
830,风火递,16,Self,true店铺工具userActivityDataitembadgeitembadgeSrcitembadgeTypeitembubbleKeyitembubbleTitleitemiconindexshowBubbleBillingitemshowBubbleitemtitle,['姓名'],['姓名'],0
831,风火递,17,Self,itembadgeitembadgeSrcitembadgeTypeitembubbleKeyitembubbleTitleitemiconindexshowBubbleBillingitemshowBubbleitemtitle,[],[],0
832,风火递,20,Self,itembadgeitembadgeSrcitembadgeTypeitembubbleKeyitembubbleTitleitemiconindexshowBubbleSearchitemshowBubbleitemtitle,[],[],0
833,风火递,22,Self,itembadgeitembadgeSrcitembadgeTypeitembubbleKeyitembubbleTitleitemiconindexshowImportOrderitemshowBubbleitemtitle,[],[],0
834,风火递,25,Slibing,groupModel团队个人,[],[],0
835,风火递,33,Self,funNeedShowneedShowPopover,[],[],0
836,风火递,41,Self,iconindexaddress收货地址,['住址'],['住址'],0
837,风火递,42,Self,iconindexlist电子面单,[],[],0
838,风火递,43,Self,iconindexprint打印机,[],[],0
839,风火递,44,Self,groupApplyCountstringiconindexteam我的团队,[],[],0
840,风火递,45,Self,iconindexsearchQR查件码,[],[],0
841,风火递,46,Self,iconindexcar快递查询,[],[],0
842,风火递,47,Self,iconsendcode2寄件码,[],[],0
843,风火递,48,Self,stringisClickTooms快手抖音iconindexlinktrue对接电商,[],[],0
844,风火递,50,Self,iconindexselfPrint自助打印,[],[],0
845,风火递,51,Self,215进阶技巧电脑端打印iconindexpcPrint电脑打印,[],[],0
846,风火递,52,Self,imgiconindexmessage短信服务,"['照片', '短信']","['照片', '短信']",0
847,风火递,53,Self,iconindexdeliverdeliverman2业务员,['性别'],['性别'],0
848,风火递,54,Self,iconindexvip会员权益,"['IP地址', '用户个人信息标识']","['IP地址', '用户个人信息标识']",0
849,风火递,55,Self,我的小店,[],[],0
850,风火递,56,Self,wx999db5ccfe91874ctolabeliconindexlabel商品标签,[],[],0
851,风火递,57,Self,iconindexservice客服帮助,['通信记录和内容'],['通信记录和内容'],0
852,风火递,58,Self,true采购耗材采购耗材,[],['付款/支出'],0
853,风火递,64,Self,truechooseUserRole请选择您的身份请选择您的身份,[],[],0
854,风火递,65,Self,true,[],[],0
855,风火递,66,Self,truechooseEditOrCheck请选择一个操作编辑重量运费重打查看包裹物流信息,[],[],0
856,风火递,67,Self,编辑重量运费重打,[],['付款/支出'],0
857,风火递,68,Self,查看包裹物流信息,[],[],0
858,风火递,69,Self,trueshareWlbModalShow未授权点击授权后可以使用共享电子面单取消btn授权getUserInfo,[],[],0
859,风火递,72,Self,授权getUserInfobtn,[],[],0
860,风火递,73,Self,truechooseCardOpt获取到一个联系人信息请选择1个操作新建包裹信息保存为我的收件人,"['通讯录', '姓名']","['通讯录', '姓名']",0
861,风火递,74,Self,新建包裹信息,[],[],0
862,风火递,75,Self,保存为我的收件人,['姓名'],['姓名'],0
863,风火递,76,Self,truescanModalShow请输入运单号或寄件码fontnormalcolorgray取消btn确定,[],[],0
864,风火递,78,Self,请输入运单号或寄件码fontnormalcolorgray,[],[],0
865,风火递,80,Self,确定btn,[],[],0
866,风火递,81,Self,truescanInputAlertModalShow扫一扫使用介绍点击效果长按效果我知道了btn,[],[],0
867,风火递,87,Self,我知道了btn,[],[],0
868,风火递,88,Self,truescanAlertModalShow扫一扫使用介绍点击效果长按效果我知道了btn,[],[],0
869,风火递,94,Self,我知道了btn,[],[],0
870,风火递,95,Self,truechooseCard联系人信息中有重复的信息请选择联系电话indexphonetruephone收件地址addressaddress取消btn确定,"['通讯录', '电话号码', '住址']","['通讯录', '电话号码', '住址']",0
871,风火递,98,Self,indexphonetruephone,[],[],0
872,风火递,108,Self,indexaddresstrueaddress,['住址'],['住址'],0
873,风火递,117,Self,确定btn,[],[],0
874,风火递,118,Self,truesearchPrinter未获取到打印机信息请确保已打开蓝牙打印机可重启打印机后再尝试连接部分蓝牙打印机无法与微信小程序连接请咨询风火递客服关闭btn重新扫描,"['蓝牙', '通信记录和内容', '摄像头']","['蓝牙', '通信记录和内容', '摄像头']",0
875,风火递,128,Self,关闭btn,[],[],0
876,风火递,129,Self,重新扫描btn,['摄像头'],['摄像头'],0
877,风火递,130,Self,trueicopyModalShow粘贴板里有地址信息姓名transAddressTempname电话transAddressTempmobiletransAddressTemptel省市区transAddressTempprovincetransAddressTempcitytransAddressTemparea地址transAddressTempother绿色文字由系统自动补齐请核对后使用若地址错误导致错发由您自行承担责任完善地址btn新建订单,"['住址', '剪切板', '姓名', '电话号码', '付款/支出']","['住址', '剪切板', '姓名', '电话号码', '付款/支出']",0
878,风火递,150,Self,完善地址btn,['住址'],['住址'],0
879,风火递,151,Self,新建订单btn,['付款/支出'],['付款/支出'],0
880,风火递,153,Slibing,toMiniDialogtitle即将前往thirdAuthTitle小程序立即跳转thirdAuthAppidthirdAuthDatanavigatethirdAuthPathminiProgramthirdAuthEnvVersion取消truetoMiniDialogconfirm确认toMiniDialogalert确认,['日志'],['日志'],0
881,风火递,161,Self,立即跳转thirdAuthAppidthirdAuthDatanavigatethirdAuthPathminiProgramthirdAuthEnvVersion,[],[],0
882,风火递,163,Self,取消true,[],[],0
883,风火递,164,Self,toMiniDialogconfirm确认true,['日志'],[],0
884,风火递,166,Self,toMiniDialogalert确认true,['日志'],[],0
885,风火递,176,Self,取消btn,[],[],0
886,风火递,177,Self,马上加入btn,[],[],0
887,风火递,179,Slibing,contact,"['姓名', '通讯录']","['姓名', '通讯录']",0
888,风火递,180,Slibing,contact,"['姓名', '通讯录']","['姓名', '通讯录']",0
889,风火递,181,Self,contact,"['姓名', '通讯录']","['姓名', '通讯录']",0
890,风火递,186,Self,truevisiblefhydialogwxdf4ae28f66351374pathfhyminiProgramrelease,[],[],0
891,风火递,189,Self,truevisiblekxcdialogwx4d37f205807139depagesindexminiProgramrelease,[],[],0
892,风火递,200,Slibing,商家请进,[],[],0
893,风火递,208,Self,contactcontact,"['姓名', '通讯录']","['姓名', '通讯录']",0
894,风火递,210,Slibing,contact,"['姓名', '通讯录']","['姓名', '通讯录']",0
895,风火递,212,Self,trueaddWeichatGroupdialogshowAddWeichatGroupuserTypesaletTime1618545600contact,"['姓名', '通讯录']","['姓名', '通讯录', '群组列表']",0
896,风火递,215,Self,contact,"['姓名', '通讯录']","['姓名', '通讯录']",0
897,风火递,218,Self,truesecondsKllActivityDialogVisibleuserTypesaletTime1624550399,"['姓名', '日志']","['姓名', '日志']",0
898,风火递,219,Slibing,contact,"['姓名', '通讯录']","['姓名', '通讯录']",0
899,风火递,220,Self,truecashbackActivitydialogisSHowDialogshowCommunityPoPupuserTypesaletTime1625068799contact,"['付款/支出', '姓名', '日志', '通讯录']","['付款/支出', '姓名', '通讯录']",0
900,风火递,223,Self,contact,"['姓名', '通讯录']","['姓名', '通讯录']",0
901,风火递,225,Slibing,contact,"['姓名', '通讯录']","['姓名', '通讯录']",0
902,风火递,227,Slibing,contact,"['姓名', '通讯录']","['姓名', '通讯录']",0
903,风火递,229,Slibing,contact,"['姓名', '通讯录']","['姓名', '通讯录']",0
904,风火递,232,Self,getPhoneNumbergetPhoneNumber,[],['电话号码'],0
905,风火递,233,Self,truepaymentActivitiesDialogVisibleuserTypesaletTime1633061533,"['姓名', '付款/支出', '日志']","['姓名', '付款/支出']",0
906,风火递,234,Slibing,getPhoneNumber,[],['电话号码'],0
907,风火递,235,Slibing,VIdentityModelIdentityDialogtitle请设置您的身份风火递将会根据您的身份提供不同的产品功能请真实设置您的身份topItemtopItemkeymaitemitemkey提交取消trueVIdentityModelIdentityDialogconfirm确认VIdentityModelIdentityDialogalert确认,"['日志', '鉴别信息（口令）']","['日志', '鉴别信息（口令）']",0
908,风火递,248,Self,itemitemkey,['鉴别信息（口令）'],['鉴别信息（口令）'],0
909,风火递,253,Self,提交,[],[],0
910,风火递,255,Self,取消true,[],[],0
911,风火递,256,Self,VIdentityModelIdentityDialogconfirm确认true,['日志'],[],0
912,风火递,258,Self,VIdentityModelIdentityDialogalert确认true,['日志'],[],0
913,风火递,259,Slibing,VIdentityModelIdentityDialogalert确认,['日志'],[],0
914,飞机延误险,13,Self,2startTimeEndstartTimeStartsafegyardStartTime起保时间请选择safegyardStartTime,[],[],0
915,飞机延误险,30,Self,flightCode请输入航班号orderingchoose,"['行踪轨迹', '付款/支出']",['行踪轨迹'],0
916,飞机延误险,34,Self,1投保人信息请完善信息DATAholdersholderName,[],['姓名'],0
917,飞机延误险,44,Self,1holderName请输入姓名orderingchoose,"['姓名', '付款/支出']",['姓名'],0
918,飞机延误险,45,Self,1,[],[],0
919,飞机延误险,48,Self,1cardinitDATAholderCredListparamDescholderCardType证件类型请选择DATAholdersholderCardTypeDesc,[],[],0
920,飞机延误险,60,Self,1holderCardNo请输入证件号码orderingchoose,['付款/支出'],['付款/支出'],0
921,飞机延误险,62,Self,1initDATAholdersholderEndBirthdayinitDATAholdersholderStartBirthdayholderBirthday出生日期请选择出生日期DATAholdersholderBirthday,['生日'],['生日'],0
922,飞机延误险,74,Self,男M1,[],['性别'],0
923,飞机延误险,75,Self,女F1,[],['性别'],0
924,飞机延误险,79,Self,1holderMobile请输入手机号码orderingchoose,"['电话号码', '付款/支出']",['电话号码'],0
925,飞机延误险,81,Self,1保存为常用联系人,['通讯录'],['通讯录'],0
926,飞机延误险,89,Self,index被保人DATAinsuredslength1index1信息DATAholdersholderName请完善信息iteminsuredName,['姓名'],['姓名'],0
927,飞机延误险,102,Self,indexrelationinitDATAinsurantRelListparamDescinsuredRelationindex您是被保人的请选择iteminsuredRelationDesc,"['经纬度', '姓名']",['姓名'],0
928,飞机延误险,116,Self,indexinsuredName请输入姓名orderingchoose,"['姓名', '付款/支出']",['姓名'],0
929,飞机延误险,117,Self,index,[],[],0
930,飞机延误险,120,Self,indexcardinitDATAinsurantCredListparamDescinsuredCardTypeindex证件类型请选择iteminsuredCardTypeDesc,[],[],0
931,飞机延误险,133,Self,indexinsuredCardNo请输入证件号码orderingchoose,['付款/支出'],['付款/支出'],0
932,飞机延误险,135,Self,indexinitDATAinsuredsinsuredEndBirthdayinitDATAinsuredsinsuredStartBirthdayinsuredBirthdayindex出生日期请选择出生日期iteminsuredBirthday,['生日'],['生日'],0
933,飞机延误险,147,Self,男Mindex,[],[],0
934,飞机延误险,148,Self,女Findex,[],[],0
935,飞机延误险,150,Self,index保存为常用联系人,['通讯录'],['通讯录'],0
936,飞机延误险,156,Self,index删除被保险人,[],[],0
937,飞机延误险,164,Slibing,新增被保险人,[],[],0
938,飞机延误险,177,Self,客户告知书,[],[],0
939,飞机延误险,187,Slibing,选择联系人toViewscrollTopitemlinkerName手机号码itemmobileitemCredObjitemcertNo信息待完善请编辑补充,"['通讯录', '电话号码']","['通讯录', '电话号码']",0
940,飞机延误险,189,Self,toViewscrollTopitemlinkerName手机号码itemmobileitemCredObjitemcertNo信息待完善请编辑补充,['电话号码'],['电话号码'],0
941,飞机延误险,190,Slibing,itemlinkerName手机号码itemmobileitemCredObjitemcertNo信息待完善请编辑补充,['电话号码'],['电话号码'],0
942,飞机延误险,198,Slibing,itemlinkerName手机号码itemmobileitemCredObjitemcertNo信息待完善请编辑补充,['电话号码'],['电话号码'],0
943,飞腾代叫,4,Self,请输入电话号码,['电话号码'],['电话号码'],0
944,飞腾代叫,8,Self,请输入验证码,['短信'],['短信'],0
945,飞腾代叫,9,Self,codetext,[],[],0
946,飞腾代叫,11,Self,登录loginbtnloginbtn,[],[],0
947,餐帮,2,Slibing,收货人addInfolinkNameaddInfolinkTel收货地址addInfoaddressaddInfodetailedAddress,"['姓名', '住址']","['姓名', '住址']",0
948,餐帮,14,Slibing,请选择收货地址,['住址'],['住址'],0
949,饿了么外卖服务,10,Self,index,[],[],0
950,饿了么外卖服务,14,Self,indexaddressitemcontentimageHashimageHashaddraddr,['住址'],['住址'],0
951,饿了么外卖服务,18,Self,index,[],[],0
952,饿了么外卖服务,27,Self,index,[],[],0
953,饿了么外卖服务,31,Slibing,新增地址,['住址'],['住址'],0
954,饿了么外卖服务,37,Self,确定,[],[],0
955,饿了么外卖服务,41,Self,删除,[],[],0
956,饿了么外卖服务,42,Self,确定,[],[],0
957,高速e行,4,Self,请输入新的Email,['电子邮件地址'],['电子邮件地址'],0
958,高速e行,7,Self,保存ofobuttonhover,[],[],0
